number,value,datetime_start,datetime_complete,duration,params_chunk_size,params_embedding_model,params_overlap_ratio,params_similarity_threshold,params_top_k,params_use_reranker,user_attrs_avg_doc_mrr_in_scope_macro,user_attrs_avg_doc_mrr_in_scope_micro,user_attrs_avg_doc_recall_in_scope_macro,user_attrs_avg_doc_recall_in_scope_micro,user_attrs_avg_mrr_in_scope_macro,user_attrs_avg_mrr_in_scope_micro,user_attrs_avg_ndcg_in_scope_macro,user_attrs_avg_ndcg_in_scope_micro,user_attrs_avg_precision_in_scope_macro,user_attrs_avg_precision_in_scope_micro,user_attrs_avg_recall_in_scope_macro,user_attrs_avg_recall_in_scope_micro,user_attrs_avg_score_hors_perimetre,user_attrs_avg_score_in_scope_macro,user_attrs_avg_score_v3_replica,user_attrs_constraint,user_attrs_duration_seconds,user_attrs_embedding_dim,user_attrs_hors_perimetre_constraint_satisfied,user_attrs_hors_perimetre_min_required,user_attrs_num_chunks,user_attrs_num_docs_in_scope_evaluated,user_attrs_num_questions_evaluated,user_attrs_pruned_early,user_attrs_score_max,user_attrs_score_min,user_attrs_score_std,user_attrs_score_variants,user_attrs_trial_number,system_attrs_constraints,state
0,0.015625,2026-07-22 15:58:20.926892,2026-07-22 16:11:53.212743,0 days 00:13:32.285851,800,bge-m3,0.4,0.7571172959357843,10,True,0.015625,0.012195121951219513,0.015625,0.012195121951219513,0.015625,0.012195121951219513,0.015625,0.012195121951219513,0.015625,0.012195121951219513,0.015625,0.012195121951219513,1.0,0.015625,0.38636363636363635,[-0.5],812.09,1024.0,True,0.5,12042.0,16.0,132.0,False,1.0,0.0,0.10975609756097561,"{'v4': {'micro': 0.012195121951219513, 'macro': 0.015625}, 'v3_legacy': {'micro': 0.012195121951219513, 'macro': 0.015625}, 'equal': {'micro': 0.012195121951219513, 'macro': 0.015625}, 'mrr_only': {'micro': 0.012195121951219513, 'macro': 0.015625}}",0.0,[-0.5],COMPLETE
1,0.04375,2026-07-22 16:11:53.233227,2026-07-22 16:24:00.609082,0 days 00:12:07.375855,800,arctic-l,0.0,0.7528544989000833,10,True,0.04375,0.036585365853658534,0.04375,0.036585365853658534,0.04375,0.036585365853658534,0.04375,0.036585365853658534,0.04375,0.036585365853658534,0.04375,0.036585365853658534,1.0,0.04375,0.4015151515151515,[-0.5],727.2,1024.0,True,0.5,11198.0,16.0,132.0,False,1.0,0.0,0.18774151607732503,"{'v4': {'micro': 0.036585365853658534, 'macro': 0.04375}, 'v3_legacy': {'micro': 0.036585365853658534, 'macro': 0.04375}, 'equal': {'micro': 0.036585365853658534, 'macro': 0.04375}, 'mrr_only': {'micro': 0.036585365853658534, 'macro': 0.04375}}",1.0,[-0.5],COMPLETE
2,0.1574015376984127,2026-07-22 16:24:00.627005,2026-07-22 16:25:41.624844,0 days 00:01:40.997839,256,miniLM,0.3,0.6320361938651798,5,True,0.3386160714285714,0.33739837398373984,0.3664434523809524,0.3597560975609756,0.20109126984126985,0.21443089430894308,0.21761364041343426,0.23771076670388103,0.04808035714285715,0.05365853658536586,0.2158482142857143,0.23170731707317074,0.14,0.1574015376984127,0.1594949494949495,[0.36],100.83,384.0,False,0.5,30913.0,16.0,132.0,False,0.8800000000000001,0.0,0.3133233368615721,"{'v4': {'micro': 0.16879065040650407, 'macro': 0.1574015376984127}, 'v3_legacy': {'micro': 0.17138211382113822, 'macro': 0.15961507936507938}, 'equal': {'micro': 0.16659891598915988, 'macro': 0.15500661375661376}, 'mrr_only': {'micro': 0.21443089430894308, 'macro': 0.20109126984126985}}",2.0,[0.36],COMPLETE
3,0.534116443452381,2026-07-22 16:25:41.643453,2026-07-22 16:40:03.334799,0 days 00:14:21.691346,512,e5-large,0.25,0.4376614960477344,2,True,0.7068824404761904,0.6707317073170732,0.6847470238095238,0.6829268292682927,0.5980282738095238,0.573170731707317,0.6347434174062094,0.6321099579268342,0.3624627976190476,0.35365853658536583,0.6430803571428572,0.6219512195121951,0.0,0.534116443452381,0.3242424242424242,[0.5],861.52,1024.0,False,0.5,16396.0,16.0,132.0,False,1.0,0.0,0.41227268717455073,"{'v4': {'micro': 0.5146341463414634, 'macro': 0.534116443452381}, 'v3_legacy': {'micro': 0.5219512195121951, 'macro': 0.5408742559523809}, 'equal': {'micro': 0.516260162601626, 'macro': 0.5345238095238095}, 'mrr_only': {'micro': 0.573170731707317, 'macro': 0.5980282738095238}}",3.0,[0.5],COMPLETE
4,0.12174479166666669,2026-07-22 16:40:03.353888,2026-07-22 16:40:13.156608,0 days 00:00:09.802720,1024,e5-base,0.25,0.3446951207212247,2,False,0.1953125,0.17073170731707318,0.21354166666666666,0.18902439024390244,0.12760416666666669,0.10365853658536585,0.12394209611808223,0.10547210139484704,0.0859375,0.06097560975609756,0.171875,0.12195121951219512,0.0,0.12174479166666669,0.05984848484848485,[0.5],9.63,768.0,False,0.5,9862.0,16.0,132.0,False,0.8500000000000001,0.0,0.2549752192529218,"{'v4': {'micro': 0.09359756097560977, 'macro': 0.12174479166666669}, 'v3_legacy': {'micro': 0.09634146341463415, 'macro': 0.12838541666666667}, 'equal': {'micro': 0.09552845528455284, 'macro': 0.1284722222222222}, 'mrr_only': {'micro': 0.10365853658536585, 'macro': 0.12760416666666669}}",4.0,[0.5],COMPLETE
5,0.005989583333333334,2026-07-22 16:40:13.170817,2026-07-22 16:40:37.677362,0 days 00:00:24.506545,1024,miniLM,0.3,0.7784473186955173,3,False,0.005208333333333333,0.006097560975609756,0.010416666666666666,0.012195121951219513,0.005208333333333333,0.006097560975609756,0.006572184933036016,0.007694265287456799,0.005208333333333333,0.006097560975609756,0.010416666666666666,0.012195121951219513,1.0,0.005989583333333334,0.3837121212121212,[-0.5],24.34,384.0,True,0.5,9973.0,16.0,132.0,False,0.5750000000000001,0.0,0.06310975609756098,"{'v4': {'micro': 0.0070121951219512205, 'macro': 0.005989583333333334}, 'v3_legacy': {'micro': 0.007926829268292683, 'macro': 0.0067708333333333336}, 'equal': {'micro': 0.008130081300813007, 'macro': 0.006944444444444444}, 'mrr_only': {'micro': 0.006097560975609756, 'macro': 0.005208333333333333}}",5.0,[-0.5],COMPLETE
6,,2026-07-22 16:40:37.691430,2026-07-22 16:43:30.078891,0 days 00:02:52.387461,800,e5-large,0.15,0.36157504254979805,4,False,,,,,,,,,,,,,,,,[0.5],,,,,,,,,,,,,,[0.5],PRUNED
7,0.07440110367063492,2026-07-22 16:43:30.087880,2026-07-22 16:43:33.361175,0 days 00:00:03.273295,256,miniLM,0.3,0.6812830388903643,5,False,0.2078187003968254,0.22134146341463412,0.2877232142857143,0.3048780487804878,0.0701326884920635,0.07439024390243902,0.09354221417705189,0.10336959890499553,0.04386904761904762,0.047967479674796754,0.15111607142857142,0.17073170731707318,0.38,0.07440110367063492,0.20318181818181819,[0.12],3.1,384.0,False,0.5,30913.0,16.0,132.0,False,1.0,0.0,0.19398507724138428,"{'v4': {'micro': 0.08091463414634147, 'macro': 0.07440110367063492}, 'v3_legacy': {'micro': 0.09536585365853659, 'macro': 0.08654861111111112}, 'equal': {'micro': 0.09769647696476964, 'macro': 0.08837260251322751}, 'mrr_only': {'micro': 0.07439024390243902, 'macro': 0.0701326884920635}}",7.0,[0.12],COMPLETE
8,0.24523685515873017,2026-07-22 16:43:33.375776,2026-07-22 16:46:19.415186,0 days 00:02:46.039410,256,e5-small,0.3,0.726368520159944,10,True,0.4476934523809524,0.4339430894308943,0.4945684523809524,0.4817073170731707,0.3143105158730159,0.29308943089430894,0.35986688198181643,0.3460529030262989,0.05070684523809524,0.0451219512195122,0.3810267857142857,0.36585365853658536,0.0,0.24523685515873017,0.14941919191919192,[0.5],165.87,384.0,False,0.5,30913.0,16.0,132.0,False,0.76,0.0,0.3188902514420952,"{'v4': {'micro': 0.2296138211382114, 'macro': 0.24523685515873017}, 'v3_legacy': {'micro': 0.24052845528455283, 'macro': 0.2552442956349206}, 'equal': {'micro': 0.23468834688346882, 'macro': 0.24868138227513226}, 'mrr_only': {'micro': 0.29308943089430894, 'macro': 0.3143105158730159}}",8.0,[0.5],COMPLETE
9,,2026-07-22 16:46:19.429338,2026-07-22 16:47:11.001110,0 days 00:00:51.571772,800,arctic-l,0.4,0.17623485638498249,2,False,,,,,,,,,,,,,,,,[0.5],,,,,,,,,,,,,,[0.5],PRUNED
10,,2026-07-22 16:47:11.010085,2026-07-22 16:48:51.214220,0 days 00:01:40.204135,512,arctic-l,0.0,0.05485215841932306,1,True,,,,,,,,,,,,,,,,[0.5],,,,,,,,,,,,,,[0.5],PRUNED
11,,2026-07-22 16:48:51.223264,2026-07-22 16:48:59.075165,0 days 00:00:07.851901,800,bge-m3,0.0,0.5560916278029999,10,True,,,,,,,,,,,,,,,,[0.5],,,,,,,,,,,,,,[0.5],PRUNED
12,0.0,2026-07-22 16:48:59.083879,2026-07-22 16:49:04.726299,0 days 00:00:05.642420,800,bge-m3,0.4,0.791091329050048,10,True,0.0,0.0,0.0,0.0,0.0,0.0,0.0,0.0,0.0,0.0,0.0,0.0,1.0,0.0,0.3787878787878788,[-0.5],5.46,1024.0,True,0.5,12042.0,16.0,132.0,False,0.0,0.0,0.0,"{'v4': {'micro': 0.0, 'macro': 0.0}, 'v3_legacy': {'micro': 0.0, 'macro': 0.0}, 'equal': {'micro': 0.0, 'macro': 0.0}, 'mrr_only': {'micro': 0.0, 'macro': 0.0}}",12.0,[-0.5],COMPLETE
13,0.5468787674792139,2026-07-22 16:49:04.740560,2026-07-22 16:50:26.523792,0 days 00:01:21.783232,800,bge-m3,0.4,0.5670658033144951,10,True,0.7279761904761904,0.7121080139372823,0.790625,0.774390243902439,0.6680216600529101,0.6443766937669376,0.7654541155533162,0.7536551997926583,0.21518713388133032,0.1962446767324816,0.7660714285714285,0.7439024390243902,0.22,0.5468787674792139,0.4186604136604137,[0.28],81.61,1024.0,False,0.5,12042.0,16.0,132.0,False,1.0,0.0,0.3429254586907866,"{'v4': {'micro': 0.5248659504452188, 'macro': 0.5468787674792139}, 'v3_legacy': {'micro': 0.5397948122338366, 'macro': 0.5615862327569917}, 'equal': {'micro': 0.5281746031746031, 'macro': 0.5497600741685563}, 'mrr_only': {'micro': 0.6443766937669376, 'macro': 0.6680216600529101}}",13.0,[0.28],COMPLETE
14,0.385234375,2026-07-22 16:50:26.542523,2026-07-22 16:50:38.679525,0 days 00:00:12.137002,800,arctic-l,0.0,0.609229297913614,10,True,0.490265376984127,0.5119047619047619,0.5215029761904761,0.5487804878048781,0.41491815476190474,0.43101045296167245,0.4392794766938999,0.45321495053660843,0.3027839781746032,0.3093641114982579,0.44129464285714287,0.4634146341463415,0.9,0.385234375,0.592026515151515,[-0.4],11.96,1024.0,True,0.5,11198.0,16.0,132.0,False,1.0,0.0,0.4472982045929254,"{'v4': {'micro': 0.3993771777003484, 'macro': 0.385234375}, 'v3_legacy': {'micro': 0.4042378048780488, 'macro': 0.3891908482142857}, 'equal': {'micro': 0.40126306620209057, 'macro': 0.3863322585978836}, 'mrr_only': {'micro': 0.43101045296167245, 'macro': 0.41491815476190474}}",14.0,[-0.4],COMPLETE
15,0.5882787698412698,2026-07-22 16:50:38.693911,2026-07-22 16:52:25.933434,0 days 00:01:47.239523,800,arctic-l,0.0,0.49392904384548975,4,True,0.7922743055555556,0.7774390243902439,0.8604166666666667,0.8597560975609756,0.7086433531746031,0.6869918699186992,0.7613106742085614,0.7498107192530808,0.254234871031746,0.24186991869918698,0.815029761904762,0.8048780487804879,0.36,0.5882787698412698,0.5021464646464646,[0.14],107.07,1024.0,False,0.5,11198.0,16.0,132.0,False,1.0,0.0,0.3120706946053878,"{'v4': {'micro': 0.5711382113821138, 'macro': 0.5882787698412698}, 'v3_legacy': {'micro': 0.588821138211382, 'macro': 0.6042367311507936}, 'equal': {'micro': 0.5779132791327913, 'macro': 0.5926359953703704}, 'mrr_only': {'micro': 0.6869918699186992, 'macro': 0.7086433531746031}}",15.0,[0.14],COMPLETE
16,0.3605654761904762,2026-07-22 16:52:25.951639,2026-07-22 16:52:34.252565,0 days 00:00:08.300926,800,arctic-l,0.0,0.6136590093416893,1,True,0.4386904761904762,0.4634146341463415,0.41785714285714287,0.45121951219512196,0.3605654761904762,0.3780487804878049,0.3605654761904762,0.3780487804878049,0.3605654761904762,0.3780487804878049,0.3605654761904762,0.3780487804878049,0.9,0.3605654761904762,0.5757575757575758,[-0.4],8.13,1024.0,True,0.5,11198.0,16.0,132.0,False,1.0,0.0,0.4848998866358791,"{'v4': {'micro': 0.3780487804878049, 'macro': 0.3605654761904762}, 'v3_legacy': {'micro': 0.3780487804878049, 'macro': 0.3605654761904762}, 'equal': {'micro': 0.3780487804878049, 'macro': 0.3605654761904762}, 'mrr_only': {'micro': 0.3780487804878049, 'macro': 0.3605654761904762}}",16.0,[-0.4],COMPLETE
17,,2026-07-22 16:52:34.266444,2026-07-22 16:54:13.020861,0 days 00:01:38.754417,512,arctic-l,0.0,0.6079584559847557,1,True,,,,,,,,,,,,,,,,[0.5],,,,,,,,,,,,,,[0.5],PRUNED
18,0.5703125,2026-07-22 16:54:13.029920,2026-07-22 16:56:46.795453,0 days 00:02:33.765533,1024,e5-small,0.15,0.42811969877608647,1,True,0.6328125,0.6219512195121951,0.5807291666666666,0.6036585365853658,0.5703125,0.5609756097560976,0.5703125,0.5609756097560976,0.5703125,0.5609756097560976,0.5703125,0.5609756097560976,0.0,0.5703125,0.3484848484848485,[0.5],153.59,384.0,False,0.5,9715.0,16.0,132.0,False,1.0,0.0,0.4962680475457513,"{'v4': {'micro': 0.5609756097560976, 'macro': 0.5703125}, 'v3_legacy': {'micro': 0.5609756097560976, 'macro': 0.5703125}, 'equal': {'micro': 0.5609756097560976, 'macro': 0.5703125}, 'mrr_only': {'micro': 0.5609756097560976, 'macro': 0.5703125}}",18.0,[0.5],COMPLETE
19,0.4662524801587302,2026-07-22 16:56:46.809957,2026-07-22 17:02:19.069771,0 days 00:05:32.259814,800,e5-base,0.0,0.26928859248579584,3,True,0.6235615079365079,0.5752032520325203,0.6023809523809524,0.5914634146341463,0.5614087301587302,0.5101626016260163,0.5653909123836192,0.538471326437284,0.21592261904761903,0.20325203252032517,0.6180059523809524,0.573170731707317,0.0,0.4662524801587302,0.2714646464646464,[0.5],332.09,768.0,False,0.5,11198.0,16.0,132.0,False,1.0,0.0,0.3823925558581505,"{'v4': {'micro': 0.42754065040650413, 'macro': 0.4662524801587302}, 'v3_legacy': {'micro': 0.43699186991869915, 'macro': 0.47474206349206344}, 'equal': {'micro': 0.42886178861788615, 'macro': 0.46511243386243384}, 'mrr_only': {'micro': 0.5101626016260163, 'macro': 0.5614087301587302}}",19.0,[0.5],COMPLETE
20,0.6395089285714286,2026-07-22 17:02:19.084396,2026-07-22 17:03:39.550382,0 days 00:01:20.465986,800,arctic-l,0.0,0.5189829690258188,1,True,0.7286458333333333,0.7073170731707317,0.6765625,0.6890243902439024,0.6395089285714286,0.6097560975609756,0.6395089285714286,0.6097560975609756,0.6395089285714286,0.6097560975609756,0.6395089285714286,0.6097560975609756,0.46,0.6395089285714286,0.553030303030303,[0.03999999999999998],80.3,1024.0,False,0.5,11198.0,16.0,132.0,False,1.0,0.0,0.4878048780487805,"{'v4': {'micro': 0.6097560975609756, 'macro': 0.6395089285714286}, 'v3_legacy': {'micro': 0.6097560975609756, 'macro': 0.6395089285714286}, 'equal': {'micro': 0.6097560975609756, 'macro': 0.6395089285714286}, 'mrr_only': {'micro': 0.6097560975609756, 'macro': 0.6395089285714286}}",20.0,[0.03999999999999998],COMPLETE
21,0.23821614583333334,2026-07-22 17:03:39.568645,2026-07-22 17:03:44.349370,0 days 00:00:04.780725,800,arctic-l,0.0,0.6565617614405441,10,True,0.27369791666666665,0.29878048780487804,0.2671875,0.29878048780487804,0.24765625,0.27439024390243905,0.25525132363281305,0.28368121350174286,0.2142361111111111,0.23170731707317074,0.2515625,0.2804878048780488,0.98,0.23821614583333334,0.5348484848484848,[-0.48],4.6,1024.0,True,0.5,11198.0,16.0,132.0,False,1.0,0.0,0.42401697647790404,"{'v4': {'micro': 0.2625, 'macro': 0.23821614583333334}, 'v3_legacy': {'micro': 0.2634146341463415, 'macro': 0.23880208333333333}, 'equal': {'micro': 0.2621951219512195, 'macro': 0.23781828703703703}, 'mrr_only': {'micro': 0.27439024390243905, 'macro': 0.24765625}}",21.0,[-0.48],COMPLETE
22,0.24055989583333334,2026-07-22 17:03:44.364427,2026-07-22 17:03:49.222932,0 days 00:00:04.858505,800,arctic-l,0.0,0.6608139121146246,10,True,0.27369791666666665,0.29878048780487804,0.2671875,0.29878048780487804,0.24765625,0.27439024390243905,0.25525132363281305,0.28368121350174286,0.2220486111111111,0.24390243902439024,0.2515625,0.2804878048780488,0.98,0.24055989583333334,0.5371212121212121,[-0.48],4.68,1024.0,True,0.5,11198.0,16.0,132.0,False,1.0,0.0,0.42967961602469196,"{'v4': {'micro': 0.26615853658536587, 'macro': 0.24055989583333334}, 'v3_legacy': {'micro': 0.2670731707317073, 'macro': 0.24114583333333334}, 'equal': {'micro': 0.266260162601626, 'macro': 0.2404224537037037}, 'mrr_only': {'micro': 0.27439024390243905, 'macro': 0.24765625}}",22.0,[-0.48],COMPLETE
23,0.18385416666666665,2026-07-22 17:03:49.237284,2026-07-22 17:03:52.901402,0 days 00:00:03.664118,800,arctic-l,0.0,0.683086544080025,1,True,0.19947916666666665,0.2073170731707317,0.1890625,0.20121951219512196,0.18385416666666665,0.1951219512195122,0.18385416666666665,0.1951219512195122,0.18385416666666665,0.1951219512195122,0.18385416666666665,0.1951219512195122,1.0,0.18385416666666665,0.5,[-0.5],3.49,1024.0,True,0.5,11198.0,16.0,132.0,False,1.0,0.0,0.39629455632370536,"{'v4': {'micro': 0.1951219512195122, 'macro': 0.18385416666666665}, 'v3_legacy': {'micro': 0.1951219512195122, 'macro': 0.18385416666666665}, 'equal': {'micro': 0.1951219512195122, 'macro': 0.18385416666666665}, 'mrr_only': {'micro': 0.1951219512195122, 'macro': 0.18385416666666665}}",23.0,[-0.5],COMPLETE
24,0.45236400462962967,2026-07-22 17:03:52.915678,2026-07-22 17:04:06.054823,0 days 00:00:13.139145,800,arctic-l,0.0,0.5965606834426151,10,True,0.5882729828042328,0.6121273712737128,0.6335565476190477,0.6585365853658537,0.5003513558201058,0.5196476964769648,0.5409079800843843,0.5537843857054539,0.31992187499999997,0.3215156794425087,0.5412946428571429,0.5609756097560976,0.86,0.45236400462962967,0.6193464405964406,[-0.36],12.96,1024.0,True,0.5,11198.0,16.0,132.0,False,1.0,0.0,0.4338999922256066,"{'v4': {'micro': 0.4664072783584979, 'macro': 0.45236400462962967}, 'v3_legacy': {'micro': 0.47260646535036777, 'macro': 0.45850549768518517}, 'equal': {'micro': 0.46737966189185703, 'macro': 0.4538559578924162}, 'mrr_only': {'micro': 0.5196476964769648, 'macro': 0.5003513558201058}}",24.0,[-0.36],COMPLETE
25,,2026-07-22 17:04:06.068974,2026-07-22 17:04:14.083774,0 days 00:00:08.014800,800,arctic-l,0.15,0.4834751188819443,4,True,,,,,,,,,,,,,,,,[0.5],,,,,,,,,,,,,,[0.5],PRUNED
26,0.45680877976190476,2026-07-22 17:04:14.092538,2026-07-22 17:17:12.354785,0 days 00:12:58.262247,256,arctic-l,0.0,0.5784193938276297,5,False,0.7111235119047619,0.6910569105691057,0.7775297619047619,0.7987804878048781,0.49308035714285714,0.47560975609756095,0.587029157331425,0.5873245286077144,0.3057688492063492,0.2784552845528455,0.6258928571428571,0.6341463414634146,0.72,0.45680877976190476,0.5609848484848484,[-0.21999999999999997],778.09,1024.0,True,0.5,28876.0,16.0,132.0,False,1.0,0.0,0.37644881569318756,"{'v4': {'micro': 0.4402439024390244, 'macro': 0.45680877976190476}, 'v3_legacy': {'micro': 0.4640243902439024, 'macro': 0.47673065476190474}, 'equal': {'micro': 0.4627371273712737, 'macro': 0.47491402116402115}, 'mrr_only': {'micro': 0.47560975609756095, 'macro': 0.49308035714285714}}",26.0,[-0.21999999999999997],COMPLETE
27,0.14166666666666666,2026-07-22 17:17:12.369578,2026-07-22 17:21:21.827190,0 days 00:04:09.457612,256,e5-base,0.25,0.5644094019872452,5,False,0.2,0.2,0.3,0.26666666666666666,0.15,0.16666666666666666,0.23243561571887286,0.23451883738706664,0.07,0.06666666666666667,0.2,0.2,0.0,0.1335,0.10476190476190476,[0.5],249.28,768.0,False,0.5,30525.0,10.0,21.0,True,0.8200000000000001,0.0,0.28821095668894264,"{'v4': {'micro': 0.14166666666666666, 'macro': 0.1335}, 'v3_legacy': {'micro': 0.14666666666666667, 'macro': 0.14100000000000001}, 'equal': {'micro': 0.14444444444444443, 'macro': 0.13999999999999999}, 'mrr_only': {'micro': 0.16666666666666666, 'macro': 0.15}}",27.0,[0.5],PRUNED
28,0.0555,2026-07-22 17:21:21.836674,2026-07-22 17:33:59.847842,0 days 00:12:38.011168,256,e5-large,0.0,0.3984765209665062,5,False,0.15,0.16666666666666666,0.2,0.2,0.05,0.05,0.07461414348591218,0.07077375410965671,0.030000000000000006,0.02666666666666667,0.15,0.13333333333333333,0.0,0.059,0.04857142857142857,[0.5],757.84,1024.0,False,0.5,28876.0,10.0,21.0,True,0.48500000000000004,0.0,0.14370745747292774,"{'v4': {'micro': 0.0555, 'macro': 0.059}, 'v3_legacy': {'micro': 0.068, 'macro': 0.074}, 'equal': {'micro': 0.06999999999999999, 'macro': 0.07666666666666666}, 'mrr_only': {'micro': 0.05, 'macro': 0.05}}",28.0,[0.5],PRUNED
29,0.052444444444444446,2026-07-22 17:33:59.857258,2026-07-22 17:35:16.502635,0 days 00:01:16.645377,256,e5-small,0.0,0.5295699557372824,5,False,0.23333333333333334,0.22222222222222224,0.3,0.26666666666666666,0.05,0.04444444444444444,0.075,0.06666666666666667,0.030000000000000006,0.02666666666666667,0.15,0.13333333333333333,0.0,0.05900000000000001,0.04698412698412698,[0.5],76.48,384.0,False,0.5,28876.0,10.0,21.0,True,0.39333333333333337,0.0,0.13370762280087747,"{'v4': {'micro': 0.052444444444444446, 'macro': 0.05900000000000001}, 'v3_legacy': {'micro': 0.06577777777777778, 'macro': 0.074}, 'equal': {'micro': 0.06814814814814814, 'macro': 0.07666666666666666}, 'mrr_only': {'micro': 0.04444444444444444, 'macro': 0.05}}",29.0,[0.5],PRUNED
30,0.18366815476190476,2026-07-22 17:35:16.511842,2026-07-22 17:35:19.615248,0 days 00:00:03.103406,256,arctic-l,0.0,0.7162598664070731,10,False,0.21361607142857142,0.23170731707317074,0.20319940476190476,0.22560975609756098,0.18757440476190476,0.2073170731707317,0.2062680708612358,0.23649743000871187,0.17455357142857142,0.1951219512195122,0.18757440476190476,0.2073170731707317,1.0,0.18366815476190476,0.5053030303030304,[-0.5],2.94,1024.0,True,0.5,28876.0,16.0,132.0,False,1.0,0.0,0.3988382892397771,"{'v4': {'micro': 0.20365853658536584, 'macro': 0.18366815476190476}, 'v3_legacy': {'micro': 0.20365853658536584, 'macro': 0.18366815476190476}, 'equal': {'micro': 0.20325203252032523, 'macro': 0.18323412698412697}, 'mrr_only': {'micro': 0.2073170731707317, 'macro': 0.18757440476190476}}",30.0,[-0.5],COMPLETE
31,0.42227120535714285,2026-07-22 17:35:19.628959,2026-07-22 17:35:30.915133,0 days 00:00:11.286174,800,arctic-l,0.0,0.6000102410541813,3,True,0.566108630952381,0.5853658536585366,0.5814732142857143,0.6036585365853658,0.45926339285714285,0.47560975609756095,0.4806460766927601,0.4944085557938028,0.3230654761904762,0.3231707317073171,0.4850446428571428,0.5,0.88,0.42227120535714285,0.6049242424242424,[-0.38],11.13,1024.0,True,0.5,11198.0,16.0,132.0,False,1.0,0.0,0.4442762597787265,"{'v4': {'micro': 0.4335365853658537, 'macro': 0.42227120535714285}, 'v3_legacy': {'micro': 0.4371951219512195, 'macro': 0.42613839285714283}, 'equal': {'micro': 0.4329268292682927, 'macro': 0.42245783730158726}, 'mrr_only': {'micro': 0.47560975609756095, 'macro': 0.45926339285714285}}",31.0,[-0.38],COMPLETE
32,,2026-07-22 17:35:30.928738,2026-07-22 17:35:41.601444,0 days 00:00:10.672706,1024,arctic-l,0.0,0.591524267609639,3,False,,,,,,,,,,,,,,,,[0.5],,,,,,,,,,,,,,[0.5],PRUNED
33,,2026-07-22 17:35:41.609146,2026-07-22 17:35:47.025195,0 days 00:00:05.416049,512,arctic-l,0.0,0.4963621751586582,3,True,,,,,,,,,,,,,,,,[0.5],,,,,,,,,,,,,,[0.5],PRUNED
34,0.35951450892857145,2026-07-22 17:35:47.033143,2026-07-22 17:35:54.291410,0 days 00:00:07.258267,800,arctic-l,0.0,0.6227813181649914,3,True,0.459015376984127,0.4735772357723578,0.46049107142857143,0.4878048780487805,0.3815848214285714,0.3902439024390244,0.4036881165271592,0.4088258416376321,0.30866815476190473,0.31097560975609756,0.3802827380952381,0.39634146341463417,0.94,0.35951450892857145,0.5848484848484848,[-0.43999999999999995],7.1,1024.0,True,0.5,11198.0,16.0,132.0,False,1.0,0.0,0.45410876639112124,"{'v4': {'micro': 0.3673780487804878, 'macro': 0.35951450892857145}, 'v3_legacy': {'micro': 0.36829268292682926, 'macro': 0.3593191964285714}, 'equal': {'micro': 0.36585365853658536, 'macro': 0.3568452380952381}, 'mrr_only': {'micro': 0.3902439024390244, 'macro': 0.3815848214285714}}",34.0,[-0.43999999999999995],COMPLETE
35,0.1254092261904762,2026-07-22 17:35:54.304747,2026-07-22 17:50:01.087534,0 days 00:14:06.782787,256,arctic-l,0.25,0.7240312467545805,5,True,0.14494047619047618,0.17073170731707318,0.14494047619047618,0.17073170731707318,0.12931547619047618,0.15853658536585366,0.14800914228980722,0.1877169422038338,0.11629464285714286,0.14634146341463414,0.12931547619047618,0.15853658536585366,1.0,0.1254092261904762,0.47500000000000003,[-0.5],846.63,1024.0,True,0.5,30525.0,16.0,132.0,False,1.0,0.0,0.35746479923046365,"{'v4': {'micro': 0.1548780487804878, 'macro': 0.1254092261904762}, 'v3_legacy': {'micro': 0.1548780487804878, 'macro': 0.12540922619047618}, 'equal': {'micro': 0.15447154471544713, 'macro': 0.12497519841269841}, 'mrr_only': {'micro': 0.15853658536585366, 'macro': 0.12931547619047618}}",35.0,[-0.5],COMPLETE
36,0.06677777777777778,2026-07-22 17:50:01.101092,2026-07-22 17:50:25.135679,0 days 00:00:24.034587,800,miniLM,0.0,0.4500508592547585,10,False,0.06666666666666668,0.08888888888888888,0.15,0.2,0.058333333333333334,0.07777777777777778,0.06781035935540111,0.09041381247386814,0.01,0.013333333333333334,0.1,0.13333333333333333,0.0,0.050083333333333334,0.05365079365079364,[0.5],23.87,384.0,False,0.5,11198.0,10.0,21.0,True,0.7300000000000001,0.0,0.18970392786369392,"{'v4': {'micro': 0.06677777777777778, 'macro': 0.050083333333333334}, 'v3_legacy': {'micro': 0.0751111111111111, 'macro': 0.056333333333333326}, 'equal': {'micro': 0.07481481481481482, 'macro': 0.05611111111111111}, 'mrr_only': {'micro': 0.07777777777777778, 'macro': 0.058333333333333334}}",36.0,[0.5],PRUNED
37,,2026-07-22 17:50:25.144885,2026-07-22 17:50:35.354985,0 days 00:00:10.210100,1024,e5-large,0.15,0.5561867586935072,2,True,,,,,,,,,,,,,,,,[0.5],,,,,,,,,,,,,,[0.5],PRUNED
38,,2026-07-22 17:50:35.362638,2026-07-22 17:51:07.325413,0 days 00:00:31.962775,512,e5-base,0.3,0.6412295603035988,3,False,,,,,,,,,,,,,,,,[0.5],,,,,,,,,,,,,,[0.5],PRUNED
39,0.24900000000000003,2026-07-22 17:51:07.333143,2026-07-22 17:51:13.230134,0 days 00:00:05.896991,256,miniLM,0.25,0.7002590441390613,5,True,0.425,0.43333333333333335,0.45,0.4666666666666667,0.25,0.3,0.30743561571887285,0.36785217072039994,0.095,0.11333333333333333,0.3,0.3333333333333333,0.5,0.21100000000000002,0.3242857142857143,[0.0],5.74,384.0,True,0.5,30525.0,10.0,21.0,True,0.8800000000000001,0.0,0.3612303051148026,"{'v4': {'micro': 0.24900000000000003, 'macro': 0.21100000000000002}, 'v3_legacy': {'micro': 0.254, 'macro': 0.2185}, 'equal': {'micro': 0.24888888888888885, 'macro': 0.215}, 'mrr_only': {'micro': 0.3, 'macro': 0.25}}",39.0,[0.0],PRUNED
40,,2026-07-22 17:51:13.238921,2026-07-22 17:52:04.232805,0 days 00:00:50.993884,800,arctic-l,0.4,0.7455257020960439,10,False,,,,,,,,,,,,,,,,[0.5],,,,,,,,,,,,,,[0.5],PRUNED
41,0.3308035714285714,2026-07-22 17:52:04.241210,2026-07-22 17:52:11.071878,0 days 00:00:06.830668,800,arctic-l,0.0,0.6323587327706851,1,True,0.36726190476190473,0.3780487804878049,0.3464285714285714,0.36585365853658536,0.3308035714285714,0.34146341463414637,0.3308035714285714,0.34146341463414637,0.3308035714285714,0.34146341463414637,0.3308035714285714,0.34146341463414637,0.94,0.3308035714285714,0.5681818181818182,[-0.43999999999999995],6.67,1024.0,True,0.5,11198.0,16.0,132.0,False,1.0,0.0,0.4742005389078922,"{'v4': {'micro': 0.34146341463414637, 'macro': 0.3308035714285714}, 'v3_legacy': {'micro': 0.34146341463414637, 'macro': 0.3308035714285714}, 'equal': {'micro': 0.34146341463414637, 'macro': 0.3308035714285714}, 'mrr_only': {'micro': 0.34146341463414637, 'macro': 0.3308035714285714}}",41.0,[-0.43999999999999995],COMPLETE
42,0.453226066468254,2026-07-22 17:52:11.085613,2026-07-22 17:52:24.258467,0 days 00:00:13.172854,800,arctic-l,0.0,0.5959206001741466,3,True,0.5845114087301587,0.6077235772357724,0.5918898809523809,0.6219512195121951,0.49745783730158727,0.516260162601626,0.5252536378803708,0.5406133245203483,0.33851686507936507,0.34146341463414637,0.5204613095238095,0.5365853658536586,0.86,0.453226066468254,0.6176767676767677,[-0.36],13.02,1024.0,True,0.5,11198.0,16.0,132.0,False,1.0,0.0,0.4441103886190878,"{'v4': {'micro': 0.466869918699187, 'macro': 0.453226066468254}, 'v3_legacy': {'micro': 0.46991869918699186, 'macro': 0.4566765873015873}, 'equal': {'micro': 0.46476964769647694, 'macro': 0.4521453373015873}, 'mrr_only': {'micro': 0.516260162601626, 'macro': 0.49745783730158727}}",42.0,[-0.36],COMPLETE
43,0.5244066220238095,2026-07-22 17:52:24.271962,2026-07-22 17:52:39.964463,0 days 00:00:15.692501,800,arctic-l,0.0,0.5881520222639562,3,True,0.6513516865079365,0.6321138211382115,0.6309523809523809,0.6463414634146342,0.5764508928571429,0.5548780487804879,0.6061680395554333,0.5811542532665523,0.39580853174603176,0.3617886178861789,0.5907738095238095,0.573170731707317,0.82,0.5244066220238095,0.6227272727272728,[-0.31999999999999995],15.53,1024.0,True,0.5,11198.0,16.0,132.0,False,1.0,0.0,0.44088834074014127,"{'v4': {'micro': 0.4996951219512195, 'macro': 0.5244066220238095}, 'v3_legacy': {'micro': 0.5024390243902439, 'macro': 0.5265550595238095}, 'equal': {'micro': 0.49661246612466126, 'macro': 0.521011078042328}, 'mrr_only': {'micro': 0.5548780487804879, 'macro': 0.5764508928571429}}",43.0,[-0.31999999999999995],COMPLETE
44,,2026-07-22 17:52:39.977996,2026-07-22 17:52:48.041237,0 days 00:00:08.063241,800,arctic-l,0.3,0.5285136551774652,3,True,,,,,,,,,,,,,,,,[0.5],,,,,,,,,,,,,,[0.5],PRUNED
45,0.2733333333333334,2026-07-22 17:52:48.049849,2026-07-22 17:54:14.957030,0 days 00:01:26.907181,800,e5-small,0.0,0.5890074037957213,3,True,0.425,0.43333333333333335,0.425,0.43333333333333335,0.3,0.3333333333333333,0.3630929753571458,0.37539531690476385,0.13333333333333333,0.13333333333333333,0.3,0.3333333333333333,0.0,0.25,0.1952380952380952,[0.5],86.75,384.0,False,0.5,11198.0,10.0,21.0,True,0.9,0.0,0.3872409528388695,"{'v4': {'micro': 0.2733333333333334, 'macro': 0.25}, 'v3_legacy': {'micro': 0.2733333333333333, 'macro': 0.25}, 'equal': {'micro': 0.26666666666666666, 'macro': 0.2444444444444444}, 'mrr_only': {'micro': 0.3333333333333333, 'macro': 0.3}}",45.0,[0.5],PRUNED
46,0.4567689732142857,2026-07-22 17:54:14.965862,2026-07-22 18:07:54.693371,0 days 00:13:39.727509,256,bge-m3,0.0,0.45877107740627826,3,True,0.7034970238095238,0.6788617886178862,0.7305803571428572,0.7317073170731707,0.524516369047619,0.5060975609756098,0.5817920756576975,0.591023735409413,0.24283234126984127,0.2398373983739837,0.6362351190476191,0.6097560975609756,0.0,0.4567689732142857,0.2840909090909091,[0.5],819.57,1024.0,False,0.5,28876.0,16.0,132.0,False,0.9,0.0,0.3741532760166556,"{'v4': {'micro': 0.44176829268292683, 'macro': 0.4567689732142857}, 'v3_legacy': {'micro': 0.4573170731707317, 'macro': 0.4735267857142857}, 'equal': {'micro': 0.45189701897018963, 'macro': 0.4678612764550264}, 'mrr_only': {'micro': 0.5060975609756098, 'macro': 0.524516369047619}}",46.0,[0.5],COMPLETE
47,,2026-07-22 18:07:54.707166,2026-07-22 18:08:02.556544,0 days 00:00:07.849378,800,e5-large,0.0,0.0030601736360175713,3,False,,,,,,,,,,,,,,,,[0.5],,,,,,,,,,,,,,[0.5],PRUNED
48,,2026-07-22 18:08:02.564976,2026-07-22 18:08:22.673204,0 days 00:00:20.108228,1024,arctic-l,0.4,0.3940751249661898,3,True,,,,,,,,,,,,,,,,[0.5],,,,,,,,,,,,,,[0.5],PRUNED
49,0.6402213541666667,2026-07-22 18:08:22.681260,2026-07-22 18:11:20.478565,0 days 00:02:57.797305,800,arctic-l,0.0,0.306085258699778,2,True,0.7971354166666667,0.7804878048780488,0.7854166666666667,0.8048780487804879,0.7210193452380952,0.7012195121951219,0.7471944252168,0.7478191517399297,0.4213541666666667,0.4146341463414634,0.7816964285714286,0.7682926829268293,0.0,0.6402213541666667,0.3946969696969697,[0.5],177.64,1024.0,False,0.5,11198.0,16.0,132.0,False,1.0,0.0,0.3583816499897496,"{'v4': {'micro': 0.6253048780487805, 'macro': 0.6402213541666667}, 'v3_legacy': {'micro': 0.6353658536585366, 'macro': 0.6493229166666666}, 'equal': {'micro': 0.6280487804878048, 'macro': 0.6413566468253967}, 'mrr_only': {'micro': 0.7012195121951219, 'macro': 0.7210193452380952}}",49.0,[0.5],COMPLETE
50,0.19036458333333334,2026-07-22 18:11:20.496237,2026-07-22 18:12:31.405356,0 days 00:01:10.909119,512,miniLM,0.3,0.6686590196029456,4,True,0.3577777777777778,0.375,0.36333333333333334,0.3828125,0.18981481481481483,0.22395833333333334,0.21615995080399136,0.25505415341855886,0.08222222222222222,0.09895833333333333,0.2111111111111111,0.25,0.32558139534883723,0.16073148148148148,0.2470404984423676,[0.17441860465116277],70.75,384.0,False,0.5,16607.0,15.0,107.0,True,1.0,0.0,0.33745569008899157,"{'v4': {'micro': 0.19036458333333334, 'macro': 0.16073148148148148}, 'v3_legacy': {'micro': 0.1942708333333333, 'macro': 0.16392592592592592}, 'equal': {'micro': 0.1909722222222222, 'macro': 0.16104938271604938}, 'mrr_only': {'micro': 0.22395833333333334, 'macro': 0.18981481481481483}}",50.0,[0.17441860465116277],PRUNED
51,0.5248727678571429,2026-07-22 18:12:31.415047,2026-07-22 18:12:52.542359,0 days 00:00:21.127312,800,arctic-l,0.0,0.5842515332448636,10,True,0.6602802579365079,0.6422764227642276,0.6815476190476191,0.6890243902439024,0.5879836309523809,0.5685975609756098,0.6277458025900942,0.6059684078879259,0.3561297123015873,0.31962833914053423,0.6309523809523809,0.6097560975609756,0.8,0.5248727678571429,0.617521645021645,[-0.30000000000000004],20.97,1024.0,True,0.5,11198.0,16.0,132.0,False,1.0,0.0,0.4192894205821778,"{'v4': {'micro': 0.5000805749128919, 'macro': 0.5248727678571429}, 'v3_legacy': {'micro': 0.5062543554006969, 'macro': 0.5313180803571429}, 'equal': {'micro': 0.4993273325590399, 'macro': 0.525021908068783}, 'mrr_only': {'micro': 0.5685975609756098, 'macro': 0.5879836309523809}}",51.0,[-0.30000000000000004],COMPLETE
52,0.5437853422619048,2026-07-22 18:12:52.556516,2026-07-22 18:13:11.783397,0 days 00:00:19.226881,800,arctic-l,0.0,0.5807883923215735,3,True,0.6729290674603174,0.6626016260162602,0.6681547619047619,0.6951219512195121,0.5980282738095238,0.5853658536585366,0.6283146785063276,0.6135280187282266,0.39703621031746034,0.36788617886178865,0.6383928571428571,0.6341463414634146,0.78,0.5437853422619048,0.6276515151515151,[-0.28],19.07,1024.0,True,0.5,11198.0,16.0,132.0,False,1.0,0.0,0.4169541443337588,"{'v4': {'micro': 0.5274390243902439, 'macro': 0.5437853422619048}, 'v3_legacy': {'micro': 0.5347560975609756, 'macro': 0.5498400297619047}, 'equal': {'micro': 0.5291327913279132, 'macro': 0.5444857804232804}, 'mrr_only': {'micro': 0.5853658536585366, 'macro': 0.5980282738095238}}",52.0,[-0.28],COMPLETE
53,0.5334750744047619,2026-07-22 18:13:11.797100,2026-07-22 18:14:14.405314,0 days 00:01:02.608214,800,arctic-l,0.0,0.5346894904328221,10,True,0.7575520833333333,0.7402439024390244,0.85625,0.8536585365853658,0.6487227182539682,0.625609756097561,0.7097979774061054,0.6986852733646909,0.21399966931216932,0.2035230352303523,0.7498511904761904,0.7317073170731707,0.54,0.5334750744047619,0.5342929292929294,[-0.040000000000000036],62.09,1024.0,True,0.5,11198.0,16.0,132.0,False,1.0,0.0,0.34516286733049073,"{'v4': {'micro': 0.5148983739837399, 'macro': 0.5334750744047619}, 'v3_legacy': {'micro': 0.5308130081300813, 'macro': 0.5486443452380952}, 'equal': {'micro': 0.5202800361336946, 'macro': 0.5375245260141093}, 'mrr_only': {'micro': 0.625609756097561, 'macro': 0.6487227182539682}}",53.0,[-0.040000000000000036],COMPLETE
54,0.5783004712301587,2026-07-22 18:14:14.419248,2026-07-22 18:15:21.491660,0 days 00:01:07.072412,800,arctic-l,0.0,0.5306318505478153,3,True,0.7667534722222222,0.7520325203252032,0.7833333333333333,0.8048780487804879,0.6732018849206349,0.6524390243902439,0.7095048139061048,0.712758094423974,0.3159350198412698,0.3170731707317073,0.7550595238095238,0.7439024390243902,0.52,0.5783004712301587,0.5568181818181818,[-0.020000000000000018],66.91,1024.0,True,0.5,11198.0,16.0,132.0,False,1.0,0.0,0.3550658413386237,"{'v4': {'micro': 0.5655487804878049, 'macro': 0.5783004712301587}, 'v3_legacy': {'micro': 0.5792682926829268, 'macro': 0.590579117063492}, 'equal': {'micro': 0.5711382113821137, 'macro': 0.5813988095238095}, 'mrr_only': {'micro': 0.6524390243902439, 'macro': 0.6732018849206349}}",54.0,[-0.020000000000000018],COMPLETE
55,,2026-07-22 18:15:21.505915,2026-07-22 18:15:29.310137,0 days 00:00:07.804222,800,bge-m3,0.15,0.5301791357158113,5,True,,,,,,,,,,,,,,,,[0.5],,,,,,,,,,,,,,[0.5],PRUNED
56,0.5497266687925171,2026-07-22 18:15:29.318694,2026-07-22 18:17:34.383882,0 days 00:02:05.065188,800,arctic-l,0.0,0.47894030243855173,10,True,0.7807415674603174,0.7547909407665505,0.8989583333333333,0.8841463414634146,0.6946800595238095,0.6635307781649246,0.7789724346817289,0.7631291567754229,0.14351473922902494,0.13334785133565621,0.830654761904762,0.8048780487804879,0.34,0.5497266687925171,0.46851641414141415,[0.15999999999999998],124.9,1024.0,False,0.5,11198.0,16.0,132.0,False,1.0,0.0,0.2992364158263975,"{'v4': {'micro': 0.5256779907084785, 'macro': 0.5497266687925171}, 'v3_legacy': {'micro': 0.546880081300813, 'macro': 0.5701228741496599}, 'equal': {'micro': 0.5339188927603562, 'macro': 0.5562831868858654}, 'mrr_only': {'micro': 0.6635307781649246, 'macro': 0.6946800595238095}}",56.0,[0.15999999999999998],COMPLETE
57,0.5678255208333334,2026-07-22 18:17:34.397957,2026-07-22 18:18:05.700374,0 days 00:00:31.302417,800,arctic-l,0.0,0.5635475415380518,2,True,0.6824776785714286,0.6585365853658537,0.6837797619047619,0.6951219512195121,0.6084449404761905,0.5853658536585366,0.6414590483723996,0.6167214273519206,0.44765625,0.40853658536585363,0.6592261904761905,0.6463414634146342,0.7,0.5678255208333334,0.6071969696969698,[-0.19999999999999996],31.11,1024.0,True,0.5,11198.0,16.0,132.0,False,1.0,0.0,0.41639823794529923,"{'v4': {'micro': 0.5414634146341464, 'macro': 0.5678255208333334}, 'v3_legacy': {'micro': 0.5506097560975609, 'macro': 0.5754427083333333}, 'equal': {'micro': 0.5467479674796747, 'macro': 0.5717757936507936}, 'mrr_only': {'micro': 0.5853658536585366, 'macro': 0.6084449404761905}}",57.0,[-0.19999999999999996],COMPLETE
58,0.5861588541666667,2026-07-22 18:18:05.714886,2026-07-22 18:18:56.047793,0 days 00:00:50.332907,800,arctic-l,0.0,0.5460953842969414,2,True,0.7356026785714286,0.7134146341463414,0.7431547619047619,0.7560975609756098,0.6511532738095238,0.6280487804878049,0.6681978881062534,0.6639776066190959,0.40598958333333335,0.4024390243902439,0.7081845238095238,0.6951219512195121,0.58,0.5861588541666667,0.5803030303030302,[-0.07999999999999996],50.14,1024.0,True,0.5,11198.0,16.0,132.0,False,1.0,0.0,0.39335424456743157,"{'v4': {'micro': 0.5704268292682928, 'macro': 0.5861588541666667}, 'v3_legacy': {'micro': 0.5804878048780489, 'macro': 0.5947135416666667}, 'equal': {'micro': 0.5752032520325203, 'macro': 0.5884424603174603}, 'mrr_only': {'micro': 0.6280487804878049, 'macro': 0.6511532738095238}}",58.0,[-0.07999999999999996],COMPLETE
59,0.5721912202380953,2026-07-22 18:18:56.061962,2026-07-22 18:24:43.062121,0 days 00:05:47.000159,800,e5-base,0.25,0.41380433678835793,2,True,0.717485119047619,0.6890243902439024,0.6914434523809524,0.6951219512195121,0.6476934523809524,0.6219512195121951,0.6860027225717593,0.6745036284843241,0.3829985119047619,0.36585365853658536,0.6737351190476191,0.6463414634146342,0.0,0.5721912202380953,0.34318181818181814,[0.5],346.81,768.0,False,0.5,11586.0,16.0,132.0,False,1.0,0.0,0.4127891159580405,"{'v4': {'micro': 0.5487804878048781, 'macro': 0.5721912202380953}, 'v3_legacy': {'micro': 0.5524390243902438, 'macro': 0.5760974702380952}, 'equal': {'micro': 0.5447154471544715, 'macro': 0.568142361111111}, 'mrr_only': {'micro': 0.6219512195121951, 'macro': 0.6476934523809524}}",59.0,[0.5],COMPLETE
60,,2026-07-22 18:24:43.078190,2026-07-22 18:25:35.384311,0 days 00:00:52.306121,800,arctic-l,0.4,0.500796308587498,2,True,,,,,,,,,,,,,,,,[0.5],,,,,,,,,,,,,,[0.5],PRUNED
61,0.5887630208333334,2026-07-22 18:25:35.392817,2026-07-22 18:26:21.062884,0 days 00:00:45.670067,800,arctic-l,0.0,0.5511641899736891,2,True,0.7303943452380952,0.7073170731707317,0.7431547619047619,0.7560975609756098,0.6459449404761904,0.6219512195121951,0.6643534063726227,0.6594767499553331,0.42421875,0.4146341463414634,0.7081845238095238,0.6951219512195121,0.6,0.5887630208333334,0.5886363636363636,[-0.09999999999999998],45.46,1024.0,True,0.5,11198.0,16.0,132.0,False,1.0,0.0,0.39543517395336003,"{'v4': {'micro': 0.5707317073170732, 'macro': 0.5887630208333334}, 'v3_legacy': {'micro': 0.5817073170731708, 'macro': 0.5980989583333334}, 'equal': {'micro': 0.5772357723577235, 'macro': 0.5927827380952381}, 'mrr_only': {'micro': 0.6219512195121951, 'macro': 0.6459449404761904}}",61.0,[-0.09999999999999998],COMPLETE
62,0.5921484375,2026-07-22 18:26:21.078991,2026-07-22 18:27:07.867289,0 days 00:00:46.788298,800,arctic-l,0.0,0.5485340853738844,2,True,0.740811011904762,0.7195121951219512,0.7535714285714286,0.7682926829268293,0.6563616071428572,0.6341463414634146,0.6747700730392894,0.6716718719065526,0.41119791666666666,0.40853658536585363,0.7186011904761904,0.7073170731707317,0.58,0.5921484375,0.5852272727272727,[-0.07999999999999996],46.6,1024.0,True,0.5,11198.0,16.0,132.0,False,1.0,0.0,0.38821452133409173,"{'v4': {'micro': 0.577439024390244, 'macro': 0.5921484375}, 'v3_legacy': {'micro': 0.5884146341463414, 'macro': 0.601484375}, 'equal': {'micro': 0.5833333333333333, 'macro': 0.5953869047619047}, 'mrr_only': {'micro': 0.6341463414634146, 'macro': 0.6563616071428572}}",62.0,[-0.07999999999999996],COMPLETE
63,0.6015755208333333,2026-07-22 18:27:07.882088,2026-07-22 18:27:47.194394,0 days 00:00:39.312306,800,arctic-l,0.0,0.5553508377544739,2,True,0.7366443452380952,0.7134146341463414,0.7431547619047619,0.7560975609756098,0.6521949404761904,0.6280487804878049,0.6865728999721024,0.661001058493036,0.45546875,0.42073170731707316,0.7081845238095238,0.6951219512195121,0.62,0.6015755208333333,0.5988636363636364,[-0.12],39.12,1024.0,True,0.5,11198.0,16.0,132.0,False,1.0,0.0,0.39823247289588104,"{'v4': {'micro': 0.5759146341463415, 'macro': 0.6015755208333333}, 'v3_legacy': {'micro': 0.5859756097560975, 'macro': 0.6099739583333333}, 'equal': {'micro': 0.5813008130081301, 'macro': 0.605282738095238}, 'mrr_only': {'micro': 0.6280487804878049, 'macro': 0.6521949404761904}}",63.0,[-0.12],COMPLETE
64,0.5801692708333334,2026-07-22 18:27:47.209272,2026-07-22 18:28:41.342379,0 days 00:00:54.133107,800,arctic-l,0.0,0.5420985321280993,2,True,0.7356026785714286,0.7134146341463414,0.7431547619047619,0.7560975609756098,0.6459449404761904,0.6219512195121951,0.6616257031732173,0.6562833413316391,0.40078125,0.39634146341463417,0.6977678571428572,0.6829268292682927,0.58,0.5801692708333334,0.5753787878787879,[-0.07999999999999996],53.94,1024.0,True,0.5,11198.0,16.0,132.0,False,1.0,0.0,0.3983042393735158,"{'v4': {'micro': 0.5634146341463415, 'macro': 0.5801692708333334}, 'v3_legacy': {'micro': 0.5725609756097562, 'macro': 0.5879427083333333}, 'equal': {'micro': 0.5670731707317073, 'macro': 0.5814980158730159}, 'mrr_only': {'micro': 0.6219512195121951, 'macro': 0.6459449404761904}}",64.0,[-0.07999999999999996],COMPLETE
65,0.41718750000000004,2026-07-22 18:28:41.358176,2026-07-22 18:29:04.486658,0 days 00:00:23.128482,800,e5-small,0.0,0.4665168742989287,2,True,0.4833333333333333,0.53125,0.475,0.53125,0.38333333333333336,0.46875,0.45079063380952766,0.5163662191964322,0.25,0.28125,0.4,0.5,0.0,0.3458333333333333,0.28125,[0.5],22.91,384.0,False,0.5,11198.0,10.0,24.0,True,1.0,0.0,0.4243302397234376,"{'v4': {'micro': 0.41718750000000004, 'macro': 0.3458333333333333}, 'v3_legacy': {'micro': 0.421875, 'macro': 0.34833333333333333}, 'equal': {'micro': 0.41666666666666663, 'macro': 0.34444444444444444}, 'mrr_only': {'micro': 0.46875, 'macro': 0.38333333333333336}}",65.0,[0.5],PRUNED
66,0.6138560267857144,2026-07-22 18:29:04.497228,2026-07-22 18:30:36.364855,0 days 00:01:31.867627,800,arctic-l,0.0,0.505995122935898,2,True,0.7690104166666667,0.7560975609756098,0.7572916666666667,0.7804878048780488,0.6965401785714286,0.676829268292683,0.7068273729267264,0.704846968638883,0.3976190476190476,0.3902439024390244,0.7431547619047619,0.7317073170731707,0.36,0.6138560267857144,0.5136363636363637,[0.14],91.66,1024.0,False,0.5,11198.0,16.0,132.0,False,1.0,0.0,0.374541286962466,"{'v4': {'micro': 0.5990853658536586, 'macro': 0.6138560267857144}, 'v3_legacy': {'micro': 0.6073170731707317, 'macro': 0.6208482142857142}, 'equal': {'micro': 0.5995934959349594, 'macro': 0.612437996031746}, 'mrr_only': {'micro': 0.676829268292683, 'macro': 0.6965401785714286}}",66.0,[0.14],COMPLETE
67,0.5976171875,2026-07-22 18:30:36.378982,2026-07-22 18:31:21.527358,0 days 00:00:45.148376,800,arctic-l,0.0,0.549926297108034,2,True,0.740811011904762,0.7195121951219512,0.7535714285714286,0.7682926829268293,0.6563616071428572,0.6341463414634146,0.6747700730392894,0.6716718719065526,0.42942708333333335,0.42073170731707316,0.7186011904761904,0.7073170731707317,0.58,0.5976171875,0.5875,[-0.07999999999999996],44.98,1024.0,True,0.5,11198.0,16.0,132.0,False,1.0,0.0,0.3914591406194764,"{'v4': {'micro': 0.5810975609756098, 'macro': 0.5976171875}, 'v3_legacy': {'micro': 0.5920731707317073, 'macro': 0.606953125}, 'equal': {'micro': 0.5873983739837398, 'macro': 0.6014632936507937}, 'mrr_only': {'micro': 0.6341463414634146, 'macro': 0.6563616071428572}}",67.0,[-0.07999999999999996],COMPLETE
68,0.5887630208333334,2026-07-22 18:31:21.541750,2026-07-22 18:32:05.585985,0 days 00:00:44.044235,800,arctic-l,0.0,0.5502713685960986,2,True,0.7303943452380952,0.7073170731707317,0.7431547619047619,0.7560975609756098,0.6459449404761904,0.6219512195121951,0.6643534063726227,0.6594767499553331,0.42421875,0.4146341463414634,0.7081845238095238,0.6951219512195121,0.58,0.5887630208333334,0.581060606060606,[-0.07999999999999996],43.87,1024.0,True,0.5,11198.0,16.0,132.0,False,1.0,0.0,0.39543517395336003,"{'v4': {'micro': 0.5707317073170732, 'macro': 0.5887630208333334}, 'v3_legacy': {'micro': 0.5817073170731708, 'macro': 0.5980989583333334}, 'equal': {'micro': 0.5772357723577235, 'macro': 0.5927827380952381}, 'mrr_only': {'micro': 0.6219512195121951, 'macro': 0.6459449404761904}}",68.0,[-0.07999999999999996],COMPLETE
69,,2026-07-22 18:32:05.600365,2026-07-22 18:32:13.410818,0 days 00:00:07.810453,800,bge-m3,0.15,0.16119567086058328,2,True,,,,,,,,,,,,,,,,[0.5],,,,,,,,,,,,,,[0.5],PRUNED
70,,2026-07-22 18:32:13.419254,2026-07-22 18:32:23.460465,0 days 00:00:10.041211,1024,e5-large,0.0,0.43138424890971155,2,True,,,,,,,,,,,,,,,,[0.5],,,,,,,,,,,,,,[0.5],PRUNED
71,0.5887630208333334,2026-07-22 18:32:23.468909,2026-07-22 18:33:07.690896,0 days 00:00:44.221987,800,arctic-l,0.0,0.5502782013241939,2,True,0.7303943452380952,0.7073170731707317,0.7431547619047619,0.7560975609756098,0.6459449404761904,0.6219512195121951,0.6643534063726227,0.6594767499553331,0.42421875,0.4146341463414634,0.7081845238095238,0.6951219512195121,0.58,0.5887630208333334,0.581060606060606,[-0.07999999999999996],44.05,1024.0,True,0.5,11198.0,16.0,132.0,False,1.0,0.0,0.39543517395336003,"{'v4': {'micro': 0.5707317073170732, 'macro': 0.5887630208333334}, 'v3_legacy': {'micro': 0.5817073170731708, 'macro': 0.5980989583333334}, 'equal': {'micro': 0.5772357723577235, 'macro': 0.5927827380952381}, 'mrr_only': {'micro': 0.6219512195121951, 'macro': 0.6459449404761904}}",71.0,[-0.07999999999999996],COMPLETE
72,0.5981380208333333,2026-07-22 18:33:07.704920,2026-07-22 18:33:50.368710,0 days 00:00:42.663790,800,arctic-l,0.0,0.5517838940513456,2,True,0.7303943452380952,0.7073170731707317,0.7431547619047619,0.7560975609756098,0.6459449404761904,0.6219512195121951,0.6885317068247816,0.66419446711673,0.45546875,0.42073170731707316,0.7081845238095238,0.6951219512195121,0.6,0.5981380208333333,0.5897727272727272,[-0.09999999999999998],42.49,1024.0,True,0.5,11198.0,16.0,132.0,False,1.0,0.0,0.3970664101719674,"{'v4': {'micro': 0.5725609756097562, 'macro': 0.5981380208333333}, 'v3_legacy': {'micro': 0.5835365853658536, 'macro': 0.6074739583333333}, 'equal': {'micro': 0.5792682926829268, 'macro': 0.6031994047619047}, 'mrr_only': {'micro': 0.6219512195121951, 'macro': 0.6459449404761904}}",72.0,[-0.09999999999999998],COMPLETE
73,0.5828776041666667,2026-07-22 18:33:50.382693,2026-07-22 18:34:26.277131,0 days 00:00:35.894438,800,arctic-l,0.0,0.5583974917003358,2,True,0.7158110119047619,0.6890243902439024,0.7223214285714286,0.7317073170731707,0.6261532738095238,0.6036585365853658,0.6605312333054357,0.636610814590597,0.45390625,0.42073170731707316,0.6821428571428572,0.6707317073170732,0.64,0.5828776041666667,0.5958333333333333,[-0.14],35.72,1024.0,True,0.5,11198.0,16.0,132.0,False,1.0,0.0,0.4087900787992386,"{'v4': {'micro': 0.5588414634146341, 'macro': 0.5828776041666667}, 'v3_legacy': {'micro': 0.5689024390243902, 'macro': 0.5912760416666667}, 'equal': {'micro': 0.565040650406504, 'macro': 0.5874007936507936}, 'mrr_only': {'micro': 0.6036585365853658, 'macro': 0.6261532738095238}}",73.0,[-0.14],COMPLETE
74,0.6138560267857144,2026-07-22 18:34:26.291648,2026-07-22 18:35:53.330825,0 days 00:01:27.039177,800,arctic-l,0.0,0.5123190841925527,2,True,0.7690104166666667,0.7560975609756098,0.7572916666666667,0.7804878048780488,0.6965401785714286,0.676829268292683,0.7068273729267264,0.704846968638883,0.3976190476190476,0.3902439024390244,0.7431547619047619,0.7317073170731707,0.4,0.6138560267857144,0.5287878787878788,[0.09999999999999998],86.87,1024.0,False,0.5,11198.0,16.0,132.0,False,1.0,0.0,0.374541286962466,"{'v4': {'micro': 0.5990853658536586, 'macro': 0.6138560267857144}, 'v3_legacy': {'micro': 0.6073170731707317, 'macro': 0.6208482142857142}, 'equal': {'micro': 0.5995934959349594, 'macro': 0.612437996031746}, 'mrr_only': {'micro': 0.676829268292683, 'macro': 0.6965401785714286}}",74.0,[0.09999999999999998],COMPLETE
75,0.276171875,2026-07-22 18:35:53.344860,2026-07-22 18:35:57.345182,0 days 00:00:04.000322,800,arctic-l,0.0,0.6437410916839563,2,True,0.3111111111111111,0.3359375,0.31666666666666665,0.34375,0.26666666666666666,0.2890625,0.28915243349206476,0.3108248321986621,0.22777777777777777,0.2421875,0.2722222222222222,0.296875,0.9767441860465116,0.2558333333333333,0.5584112149532711,[-0.4767441860465116],3.83,1024.0,True,0.5,11198.0,15.0,107.0,True,1.0,0.0,0.42910311824080744,"{'v4': {'micro': 0.276171875, 'macro': 0.2558333333333333}, 'v3_legacy': {'micro': 0.27734375, 'macro': 0.25666666666666665}, 'equal': {'micro': 0.2760416666666667, 'macro': 0.25555555555555554}, 'mrr_only': {'micro': 0.2890625, 'macro': 0.26666666666666666}}",75.0,[-0.4767441860465116],PRUNED
76,,2026-07-22 18:35:57.355618,2026-07-22 18:37:35.692118,0 days 00:01:38.336500,512,arctic-l,0.0,0.6201081968645508,2,True,,,,,,,,,,,,,,,,[0.5],,,,,,,,,,,,,,[0.5],PRUNED
77,0.551045386904762,2026-07-22 18:37:35.701106,2026-07-22 18:43:27.561603,0 days 00:05:51.860497,800,e5-base,0.3,0.47615243002975827,2,True,0.6914434523809524,0.6646341463414634,0.6654017857142858,0.6707317073170732,0.6206101190476191,0.5914634146341463,0.6501393444914025,0.6334174059669029,0.3673735119047619,0.3475609756097561,0.6633184523809523,0.6341463414634146,0.0,0.551045386904762,0.3299242424242424,[0.5],351.69,768.0,False,0.5,11728.0,16.0,132.0,False,1.0,0.0,0.40784034684271986,"{'v4': {'micro': 0.5246951219512196, 'macro': 0.551045386904762}, 'v3_legacy': {'micro': 0.5310975609756097, 'macro': 0.557451636904762}, 'equal': {'micro': 0.524390243902439, 'macro': 0.5504340277777777}, 'mrr_only': {'micro': 0.5914634146341463, 'macro': 0.6206101190476191}}",77.0,[0.5],COMPLETE
78,0.5981380208333333,2026-07-22 18:43:27.576035,2026-07-22 18:44:12.367579,0 days 00:00:44.791544,800,arctic-l,0.0,0.5530868962053518,2,True,0.7303943452380952,0.7073170731707317,0.7431547619047619,0.7560975609756098,0.6459449404761904,0.6219512195121951,0.6819595218917456,0.6565002018292733,0.45546875,0.42073170731707316,0.7081845238095238,0.6951219512195121,0.6,0.5981380208333333,0.5897727272727272,[-0.09999999999999998],44.61,1024.0,True,0.5,11198.0,16.0,132.0,False,1.0,0.0,0.3970664101719674,"{'v4': {'micro': 0.5725609756097562, 'macro': 0.5981380208333333}, 'v3_legacy': {'micro': 0.5835365853658536, 'macro': 0.6074739583333333}, 'equal': {'micro': 0.5792682926829268, 'macro': 0.6031994047619047}, 'mrr_only': {'micro': 0.6219512195121951, 'macro': 0.6459449404761904}}",78.0,[-0.09999999999999998],COMPLETE
79,,2026-07-22 18:44:12.381572,2026-07-22 18:44:20.450107,0 days 00:00:08.068535,800,arctic-l,0.25,0.49486591457565493,2,True,,,,,,,,,,,,,,,,[0.5],,,,,,,,,,,,,,[0.5],PRUNED
80,0.37833333333333335,2026-07-22 18:44:20.458626,2026-07-22 18:44:37.831459,0 days 00:00:17.372833,800,miniLM,0.0,0.6144158822594524,2,True,0.525,0.5666666666666667,0.525,0.5666666666666667,0.375,0.43333333333333335,0.3815464876785729,0.4420619835714305,0.2,0.23333333333333334,0.4,0.4666666666666667,0.16666666666666666,0.32625000000000004,0.32142857142857145,[0.33333333333333337],17.2,384.0,False,0.5,11198.0,10.0,21.0,True,0.8500000000000001,0.0,0.409762804016611,"{'v4': {'micro': 0.37833333333333335, 'macro': 0.32625000000000004}, 'v3_legacy': {'micro': 0.38333333333333336, 'macro': 0.32999999999999996}, 'equal': {'micro': 0.3777777777777777, 'macro': 0.325}, 'mrr_only': {'micro': 0.43333333333333335, 'macro': 0.375}}",80.0,[0.33333333333333337],PRUNED
81,0.5965755208333334,2026-07-22 18:44:37.840780,2026-07-22 18:45:20.106871,0 days 00:00:42.266091,800,arctic-l,0.0,0.5525380380107787,2,True,0.7303943452380952,0.7073170731707317,0.7431547619047619,0.7560975609756098,0.6459449404761904,0.6219512195121951,0.6819595218917456,0.6565002018292733,0.45026041666666666,0.4146341463414634,0.7081845238095238,0.6951219512195121,0.6,0.5965755208333334,0.5886363636363636,[-0.09999999999999998],42.1,1024.0,True,0.5,11198.0,16.0,132.0,False,1.0,0.0,0.39543517395336003,"{'v4': {'micro': 0.5707317073170732, 'macro': 0.5965755208333334}, 'v3_legacy': {'micro': 0.5817073170731708, 'macro': 0.6059114583333334}, 'equal': {'micro': 0.5772357723577235, 'macro': 0.6014632936507937}, 'mrr_only': {'micro': 0.6219512195121951, 'macro': 0.6459449404761904}}",81.0,[-0.09999999999999998],COMPLETE
82,0.569164806547619,2026-07-22 18:45:20.120865,2026-07-22 18:45:46.378738,0 days 00:00:26.257873,800,arctic-l,0.0,0.5697745810522937,2,True,0.6954985119047619,0.6707317073170732,0.6941964285714286,0.7073170731707317,0.6084449404761905,0.5853658536585366,0.6414590483723996,0.6167214273519206,0.45212053571428573,0.4146341463414634,0.6592261904761905,0.6463414634146342,0.74,0.569164806547619,0.6234848484848484,[-0.24],26.09,1024.0,True,0.5,11198.0,16.0,132.0,False,1.0,0.0,0.41807574549458226,"{'v4': {'micro': 0.5432926829268293, 'macro': 0.569164806547619}, 'v3_legacy': {'micro': 0.5524390243902438, 'macro': 0.5767819940476191}, 'equal': {'micro': 0.5487804878048781, 'macro': 0.5732638888888888}, 'mrr_only': {'micro': 0.5853658536585366, 'macro': 0.6084449404761905}}",82.0,[-0.24],COMPLETE
83,0.610991443452381,2026-07-22 18:45:46.392263,2026-07-22 18:47:12.107546,0 days 00:01:25.715283,800,arctic-l,0.0,0.5133236105357247,2,True,0.77421875,0.7621951219512195,0.7677083333333333,0.7926829268292683,0.6913318452380952,0.6707317073170732,0.7029828911930956,0.7003461119751203,0.3976190476190476,0.3902439024390244,0.7431547619047619,0.7317073170731707,0.4,0.610991443452381,0.5272727272727272,[0.09999999999999998],85.56,1024.0,False,0.5,11198.0,16.0,132.0,False,1.0,0.0,0.3735093314790986,"{'v4': {'micro': 0.5957317073170731, 'macro': 0.610991443452381}, 'v3_legacy': {'micro': 0.6048780487804878, 'macro': 0.6187648809523809}, 'equal': {'micro': 0.597560975609756, 'macro': 0.6107018849206349}, 'mrr_only': {'micro': 0.6707317073170732, 'macro': 0.6913318452380952}}",83.0,[0.09999999999999998],COMPLETE
84,0.5952734375000001,2026-07-22 18:47:12.121172,2026-07-22 18:47:57.875382,0 days 00:00:45.754210,800,arctic-l,0.0,0.5490458896535075,2,True,0.740811011904762,0.7195121951219512,0.7535714285714286,0.7682926829268293,0.6563616071428572,0.6341463414634146,0.6747700730392894,0.6716718719065526,0.42161458333333335,0.4146341463414634,0.7186011904761904,0.7073170731707317,0.58,0.5952734375000001,0.5863636363636364,[-0.07999999999999996],45.6,1024.0,True,0.5,11198.0,16.0,132.0,False,1.0,0.0,0.3898444983542606,"{'v4': {'micro': 0.5792682926829269, 'macro': 0.5952734375000001}, 'v3_legacy': {'micro': 0.5902439024390244, 'macro': 0.604609375}, 'equal': {'micro': 0.5853658536585366, 'macro': 0.5988591269841269}, 'mrr_only': {'micro': 0.6341463414634146, 'macro': 0.6563616071428572}}",84.0,[-0.07999999999999996],COMPLETE
85,0.38833333333333336,2026-07-22 18:47:57.889332,2026-07-22 18:48:17.827069,0 days 00:00:19.937737,800,e5-small,0.0,0.44922492012482285,2,True,0.475,0.5,0.475,0.5,0.375,0.43333333333333335,0.44463946303571866,0.48412396714286104,0.25,0.26666666666666666,0.4,0.4666666666666667,0.0,0.34125000000000005,0.28095238095238095,[0.5],19.78,384.0,False,0.5,11198.0,10.0,21.0,True,1.0,0.0,0.42277522265252127,"{'v4': {'micro': 0.38833333333333336, 'macro': 0.34125000000000005}, 'v3_legacy': {'micro': 0.39333333333333337, 'macro': 0.34500000000000003}, 'equal': {'micro': 0.3888888888888889, 'macro': 0.3416666666666667}, 'mrr_only': {'micro': 0.43333333333333335, 'macro': 0.375}}",85.0,[0.5],PRUNED
86,,2026-07-22 18:48:17.835919,2026-07-22 18:49:10.183138,0 days 00:00:52.347219,800,arctic-l,0.4,0.6515253028994274,2,True,,,,,,,,,,,,,,,,[0.5],,,,,,,,,,,,,,[0.5],PRUNED
87,,2026-07-22 18:49:10.192842,2026-07-22 18:49:10.496085,0 days 00:00:00.303243,1024,arctic-l,0.0,0.6119528252418913,2,True,,,,,,,,,,,,,,,,[0.5],,,,,,,,,,,,,,[0.5],PRUNED
88,0.1716666666666667,2026-07-22 18:49:10.504365,2026-07-22 18:49:11.167048,0 days 00:00:00.662683,800,arctic-l,0.0,0.6894381544538675,4,True,0.125,0.16666666666666666,0.15,0.2,0.125,0.16666666666666666,0.13154648767857288,0.17539531690476384,0.125,0.16666666666666666,0.15,0.2,1.0,0.12875,0.41190476190476194,[-0.5],0.5,1024.0,True,0.5,11198.0,10.0,21.0,True,1.0,0.0,0.3548317285074089,"{'v4': {'micro': 0.1716666666666667, 'macro': 0.12875}, 'v3_legacy': {'micro': 0.17666666666666667, 'macro': 0.1325}, 'equal': {'micro': 0.17777777777777776, 'macro': 0.13333333333333333}, 'mrr_only': {'micro': 0.16666666666666666, 'macro': 0.125}}",88.0,[-0.5],PRUNED
89,0.5726023065476191,2026-07-22 18:49:11.176325,2026-07-22 18:49:34.565980,0 days 00:00:23.389655,800,arctic-l,0.0,0.5733760643536836,2,True,0.6798735119047619,0.6585365853658537,0.6785714285714286,0.6951219512195121,0.6084449404761905,0.5853658536585366,0.6414590483723996,0.6167214273519206,0.463578869047619,0.4268292682926829,0.6592261904761905,0.6463414634146342,0.76,0.5726023065476191,0.6333333333333333,[-0.26],23.23,1024.0,True,0.5,11198.0,16.0,132.0,False,1.0,0.0,0.4213869058830997,"{'v4': {'micro': 0.5469512195121952, 'macro': 0.5726023065476191}, 'v3_legacy': {'micro': 0.5560975609756098, 'macro': 0.5802194940476191}, 'equal': {'micro': 0.5528455284552845, 'macro': 0.5770833333333333}, 'mrr_only': {'micro': 0.5853658536585366, 'macro': 0.6084449404761905}}",89.0,[-0.26],COMPLETE
90,,2026-07-22 18:49:34.579793,2026-07-22 18:51:14.838170,0 days 00:01:40.258377,512,e5-large,0.15,0.49010117437821993,2,True,,,,,,,,,,,,,,,,[0.5],,,,,,,,,,,,,,[0.5],PRUNED
91,0.5801692708333334,2026-07-22 18:51:14.846641,2026-07-22 18:52:05.562306,0 days 00:00:50.715665,800,arctic-l,0.0,0.5451622293255234,2,True,0.7356026785714286,0.7134146341463414,0.7431547619047619,0.7560975609756098,0.6459449404761904,0.6219512195121951,0.6616257031732173,0.6562833413316391,0.40078125,0.39634146341463417,0.6977678571428572,0.6829268292682927,0.58,0.5801692708333334,0.5753787878787879,[-0.07999999999999996],50.55,1024.0,True,0.5,11198.0,16.0,132.0,False,1.0,0.0,0.3983042393735158,"{'v4': {'micro': 0.5634146341463415, 'macro': 0.5801692708333334}, 'v3_legacy': {'micro': 0.5725609756097562, 'macro': 0.5879427083333333}, 'equal': {'micro': 0.5670731707317073, 'macro': 0.5814980158730159}, 'mrr_only': {'micro': 0.6219512195121951, 'macro': 0.6459449404761904}}",91.0,[-0.07999999999999996],COMPLETE
92,0.5887630208333334,2026-07-22 18:52:05.576279,2026-07-22 18:52:48.284108,0 days 00:00:42.707829,800,arctic-l,0.0,0.551422755450514,2,True,0.7303943452380952,0.7073170731707317,0.7431547619047619,0.7560975609756098,0.6459449404761904,0.6219512195121951,0.6643534063726227,0.6594767499553331,0.42421875,0.4146341463414634,0.7081845238095238,0.6951219512195121,0.6,0.5887630208333334,0.5886363636363636,[-0.09999999999999998],42.55,1024.0,True,0.5,11198.0,16.0,132.0,False,1.0,0.0,0.39543517395336003,"{'v4': {'micro': 0.5707317073170732, 'macro': 0.5887630208333334}, 'v3_legacy': {'micro': 0.5817073170731708, 'macro': 0.5980989583333334}, 'equal': {'micro': 0.5772357723577235, 'macro': 0.5927827380952381}, 'mrr_only': {'micro': 0.6219512195121951, 'macro': 0.6459449404761904}}",92.0,[-0.09999999999999998],COMPLETE
93,0.610991443452381,2026-07-22 18:52:48.297469,2026-07-22 18:54:08.650312,0 days 00:01:20.352843,800,arctic-l,0.0,0.5186236313717796,2,True,0.7768229166666667,0.7621951219512195,0.7833333333333333,0.8048780487804879,0.6913318452380952,0.6707317073170732,0.7029828911930956,0.7003461119751203,0.3976190476190476,0.3902439024390244,0.7431547619047619,0.7317073170731707,0.46,0.610991443452381,0.5499999999999999,[0.03999999999999998],80.18,1024.0,False,0.5,11198.0,16.0,132.0,False,1.0,0.0,0.3735093314790986,"{'v4': {'micro': 0.5957317073170731, 'macro': 0.610991443452381}, 'v3_legacy': {'micro': 0.6048780487804878, 'macro': 0.6187648809523809}, 'equal': {'micro': 0.597560975609756, 'macro': 0.6107018849206349}, 'mrr_only': {'micro': 0.6707317073170732, 'macro': 0.6913318452380952}}",93.0,[0.03999999999999998],COMPLETE
94,0.570727306547619,2026-07-22 18:54:08.664631,2026-07-22 18:54:33.256522,0 days 00:00:24.591891,800,arctic-l,0.0,0.5722336283919734,2,True,0.6798735119047619,0.6585365853658537,0.6785714285714286,0.6951219512195121,0.6084449404761905,0.5853658536585366,0.6414590483723996,0.6167214273519206,0.45732886904761905,0.42073170731707316,0.6592261904761905,0.6463414634146342,0.74,0.570727306547619,0.6246212121212121,[-0.24],24.44,1024.0,True,0.5,11198.0,16.0,132.0,False,1.0,0.0,0.4197385768937353,"{'v4': {'micro': 0.5451219512195122, 'macro': 0.570727306547619}, 'v3_legacy': {'micro': 0.5542682926829269, 'macro': 0.5783444940476191}, 'equal': {'micro': 0.5508130081300813, 'macro': 0.575}, 'mrr_only': {'micro': 0.5853658536585366, 'macro': 0.6084449404761905}}",94.0,[-0.24],COMPLETE
95,0.4546930803571429,2026-07-22 18:54:33.270076,2026-07-22 18:54:45.197308,0 days 00:00:11.927232,800,arctic-l,0.0,0.5981192403392853,2,True,0.566108630952381,0.5853658536585366,0.5710565476190476,0.5975609756097561,0.48426339285714287,0.5,0.5056460766927601,0.5187987996962418,0.37280505952380955,0.3719512195121951,0.5100446428571428,0.524390243902439,0.86,0.4546930803571429,0.6170454545454546,[-0.36],11.75,1024.0,True,0.5,11198.0,16.0,132.0,False,1.0,0.0,0.4519057899060651,"{'v4': {'micro': 0.46524390243902447, 'macro': 0.4546930803571429}, 'v3_legacy': {'micro': 0.46890243902439027, 'macro': 0.4585602678571429}, 'equal': {'micro': 0.46544715447154467, 'macro': 0.45570436507936507}, 'mrr_only': {'micro': 0.5, 'macro': 0.48426339285714287}}",95.0,[-0.36],COMPLETE
96,0.612553943452381,2026-07-22 18:54:45.210997,2026-07-22 18:56:03.069413,0 days 00:01:17.858416,800,arctic-l,0.0,0.5214116562726442,2,True,0.7768229166666667,0.7621951219512195,0.7833333333333333,0.8048780487804879,0.6913318452380952,0.6707317073170732,0.7029828911930956,0.7003461119751203,0.40282738095238096,0.39634146341463417,0.7431547619047619,0.7317073170731707,0.48,0.612553943452381,0.5587121212121212,[0.020000000000000018],77.7,1024.0,False,0.5,11198.0,16.0,132.0,False,1.0,0.0,0.3751140021042376,"{'v4': {'micro': 0.5975609756097562, 'macro': 0.612553943452381}, 'v3_legacy': {'micro': 0.6067073170731707, 'macro': 0.6203273809523809}, 'equal': {'micro': 0.5995934959349594, 'macro': 0.612437996031746}, 'mrr_only': {'micro': 0.6707317073170732, 'macro': 0.6913318452380952}}",96.0,[0.020000000000000018],COMPLETE
97,,2026-07-22 18:56:03.082911,2026-07-22 18:56:10.845054,0 days 00:00:07.762143,800,bge-m3,0.3,0.6294808891966859,2,True,,,,,,,,,,,,,,,,[0.5],,,,,,,,,,,,,,[0.5],PRUNED
98,0.5941220238095238,2026-07-22 18:56:10.853835,2026-07-22 18:56:55.239429,0 days 00:00:44.385594,800,arctic-l,0.0,0.549384145548987,1,True,0.6863839285714286,0.6585365853658537,0.6343005952380952,0.6402439024390244,0.5941220238095238,0.5609756097560976,0.5941220238095238,0.5609756097560976,0.5941220238095238,0.5609756097560976,0.5941220238095238,0.5609756097560976,0.58,0.5941220238095238,0.5681818181818182,[-0.07999999999999996],44.21,1024.0,True,0.5,11198.0,16.0,132.0,False,1.0,0.0,0.4962680475457513,"{'v4': {'micro': 0.5609756097560976, 'macro': 0.5941220238095238}, 'v3_legacy': {'micro': 0.5609756097560976, 'macro': 0.5941220238095238}, 'equal': {'micro': 0.5609756097560976, 'macro': 0.5941220238095238}, 'mrr_only': {'micro': 0.5609756097560976, 'macro': 0.5941220238095238}}",98.0,[-0.07999999999999996],COMPLETE
99,0.2966666666666667,2026-07-22 18:56:55.253211,2026-07-22 18:57:14.889107,0 days 00:00:19.635896,800,miniLM,0.0,0.4736175183395701,4,True,0.475,0.5,0.475,0.5,0.325,0.36666666666666664,0.3946394630357186,0.4174573004761944,0.1125,0.11666666666666667,0.35,0.4,0.0,0.265,0.21547619047619046,[0.5],19.48,384.0,False,0.5,11198.0,10.0,21.0,True,0.8500000000000001,0.0,0.3701201006280109,"{'v4': {'micro': 0.2966666666666667, 'macro': 0.265}, 'v3_legacy': {'micro': 0.30166666666666664, 'macro': 0.26875}, 'equal': {'micro': 0.29444444444444445, 'macro': 0.2625}, 'mrr_only': {'micro': 0.36666666666666664, 'macro': 0.325}}",99.0,[0.5],PRUNED
100,0.4466517857142857,2026-07-22 18:57:14.898155,2026-07-22 18:57:17.215534,0 days 00:00:02.317379,800,arctic-l,0.0,0.5375136869605256,1,False,0.6025297619047619,0.5609756097560976,0.5504464285714286,0.5426829268292683,0.44821428571428573,0.4024390243902439,0.44821428571428573,0.4024390243902439,0.44821428571428573,0.4024390243902439,0.43779761904761905,0.39634146341463417,0.56,0.4466517857142857,0.4609848484848485,[-0.06000000000000005],2.15,1024.0,True,0.5,11198.0,16.0,132.0,False,1.0,0.0,0.48934294487383684,"{'v4': {'micro': 0.4015243902439024, 'macro': 0.4466517857142857}, 'v3_legacy': {'micro': 0.400609756097561, 'macro': 0.4450892857142857}, 'equal': {'micro': 0.4004065040650407, 'macro': 0.44474206349206347}, 'mrr_only': {'micro': 0.4024390243902439, 'macro': 0.44821428571428573}}",100.0,[-0.06000000000000005],COMPLETE
101,0.5701636904761904,2026-07-22 18:57:17.231317,2026-07-22 18:57:54.515542,0 days 00:00:37.284225,800,arctic-l,0.0,0.5573191712138456,1,True,0.6780505952380952,0.6463414634146342,0.6259672619047619,0.6280487804878049,0.5701636904761904,0.5365853658536586,0.5701636904761904,0.5365853658536586,0.5701636904761904,0.5365853658536586,0.5701636904761904,0.5365853658536586,0.62,0.5701636904761904,0.5681818181818182,[-0.12],37.13,1024.0,True,0.5,11198.0,16.0,132.0,False,1.0,0.0,0.49865971464050907,"{'v4': {'micro': 0.5365853658536586, 'macro': 0.5701636904761904}, 'v3_legacy': {'micro': 0.5365853658536586, 'macro': 0.5701636904761904}, 'equal': {'micro': 0.5365853658536586, 'macro': 0.5701636904761904}, 'mrr_only': {'micro': 0.5365853658536586, 'macro': 0.5701636904761904}}",101.0,[-0.12],COMPLETE
102,0.5472470238095238,2026-07-22 18:57:54.529353,2026-07-22 18:58:16.042272,0 days 00:00:21.512919,800,arctic-l,0.0,0.5777499649129942,1,True,0.6290922619047619,0.6097560975609756,0.5770089285714286,0.5914634146341463,0.5472470238095238,0.524390243902439,0.5472470238095238,0.524390243902439,0.5472470238095238,0.524390243902439,0.5472470238095238,0.524390243902439,0.76,0.5472470238095238,0.6136363636363636,[-0.26],21.36,1024.0,True,0.5,11198.0,16.0,132.0,False,1.0,0.0,0.4994047616937383,"{'v4': {'micro': 0.524390243902439, 'macro': 0.5472470238095238}, 'v3_legacy': {'micro': 0.524390243902439, 'macro': 0.5472470238095238}, 'equal': {'micro': 0.524390243902439, 'macro': 0.5472470238095238}, 'mrr_only': {'micro': 0.524390243902439, 'macro': 0.5472470238095238}}",102.0,[-0.26],COMPLETE
103,0.5837053571428571,2026-07-22 18:58:16.055919,2026-07-22 18:58:59.495427,0 days 00:00:43.439508,800,arctic-l,0.0,0.5508171154876609,1,True,0.6759672619047619,0.6463414634146342,0.6238839285714286,0.6280487804878049,0.5837053571428571,0.5487804878048781,0.5837053571428571,0.5487804878048781,0.5837053571428571,0.5487804878048781,0.5837053571428571,0.5487804878048781,0.6,0.5837053571428571,0.5681818181818182,[-0.09999999999999998],43.28,1024.0,True,0.5,11198.0,16.0,132.0,False,1.0,0.0,0.4976147747098333,"{'v4': {'micro': 0.5487804878048781, 'macro': 0.5837053571428571}, 'v3_legacy': {'micro': 0.5487804878048781, 'macro': 0.5837053571428571}, 'equal': {'micro': 0.5487804878048781, 'macro': 0.5837053571428571}, 'mrr_only': {'micro': 0.5487804878048781, 'macro': 0.5837053571428571}}",103.0,[-0.09999999999999998],COMPLETE
104,,2026-07-22 18:58:59.509264,2026-07-22 18:59:07.594610,0 days 00:00:08.085346,800,arctic-l,0.25,0.6005296967532833,2,True,,,,,,,,,,,,,,,,[0.5],,,,,,,,,,,,,,[0.5],PRUNED
105,0.4957547169811321,2026-07-22 18:59:07.602578,2026-07-22 19:00:37.748433,0 days 00:01:30.145855,800,e5-base,0.0,0.5139772651777955,2,True,0.6072222222222222,0.6226415094339622,0.6211111111111111,0.6415094339622641,0.56,0.5566037735849056,0.6045735024414983,0.6000634166459385,0.3272222222222222,0.330188679245283,0.5933333333333334,0.6037735849056604,0.0,0.49516666666666675,0.31726190476190474,[0.5],89.88,768.0,False,0.5,11198.0,15.0,84.0,True,1.0,0.0,0.41132940963717524,"{'v4': {'micro': 0.4957547169811321, 'macro': 0.49516666666666675}, 'v3_legacy': {'micro': 0.5028301886792452, 'macro': 0.5001666666666666}, 'equal': {'micro': 0.4968553459119497, 'macro': 0.49351851851851847}, 'mrr_only': {'micro': 0.5566037735849056, 'macro': 0.56}}",105.0,[0.5],PRUNED
106,0.5026990327380952,2026-07-22 19:00:37.757941,2026-07-22 19:01:38.697068,0 days 00:01:00.939127,256,arctic-l,0.0,0.4935834490276988,2,True,0.7556547619047619,0.75,0.7629464285714286,0.7865853658536586,0.5558407738095238,0.5609756097560976,0.5929364117009591,0.6308025098867656,0.3509672619047619,0.36585365853658536,0.6113095238095239,0.6219512195121951,0.34,0.5026990327380952,0.45227272727272727,[0.15999999999999998],60.78,1024.0,False,0.5,28876.0,16.0,132.0,False,1.0,0.0,0.412683719655584,"{'v4': {'micro': 0.5115853658536585, 'macro': 0.5026990327380952}, 'v3_legacy': {'micro': 0.5207317073170732, 'macro': 0.5110193452380952}, 'equal': {'micro': 0.516260162601626, 'macro': 0.5060391865079364}, 'mrr_only': {'micro': 0.5609756097560976, 'macro': 0.5558407738095238}}",106.0,[0.15999999999999998],COMPLETE
107,,2026-07-22 19:01:38.710664,2026-07-22 19:01:49.425668,0 days 00:00:10.715004,1024,arctic-l,0.0,0.5285233894363007,2,True,,,,,,,,,,,,,,,,[0.5],,,,,,,,,,,,,,[0.5],PRUNED
108,0.38833333333333336,2026-07-22 19:01:49.433724,2026-07-22 19:02:09.301762,0 days 00:00:19.868038,800,e5-small,0.0,0.5654366157954843,2,True,0.475,0.5,0.475,0.5,0.375,0.43333333333333335,0.44463946303571866,0.48412396714286104,0.25,0.26666666666666666,0.4,0.4666666666666667,0.0,0.34125000000000005,0.28095238095238095,[0.5],19.71,384.0,False,0.5,11198.0,10.0,21.0,True,1.0,0.0,0.42277522265252127,"{'v4': {'micro': 0.38833333333333336, 'macro': 0.34125000000000005}, 'v3_legacy': {'micro': 0.39333333333333337, 'macro': 0.34500000000000003}, 'equal': {'micro': 0.3888888888888889, 'macro': 0.3416666666666667}, 'mrr_only': {'micro': 0.43333333333333335, 'macro': 0.375}}",108.0,[0.5],PRUNED
109,,2026-07-22 19:02:09.310493,2026-07-22 19:03:00.474969,0 days 00:00:51.164476,800,arctic-l,0.4,0.59032236897817,1,True,,,,,,,,,,,,,,,,[0.5],,,,,,,,,,,,,,[0.5],PRUNED
110,,2026-07-22 19:03:00.483590,2026-07-22 19:04:40.122142,0 days 00:01:39.638552,512,arctic-l,0.0,0.4554924624903127,2,True,,,,,,,,,,,,,,,,[0.5],,,,,,,,,,,,,,[0.5],PRUNED
111,0.5801692708333334,2026-07-22 19:04:40.130313,2026-07-22 19:05:30.696319,0 days 00:00:50.566006,800,arctic-l,0.0,0.5451023606757374,2,True,0.7356026785714286,0.7134146341463414,0.7431547619047619,0.7560975609756098,0.6459449404761904,0.6219512195121951,0.6616257031732173,0.6562833413316391,0.40078125,0.39634146341463417,0.6977678571428572,0.6829268292682927,0.58,0.5801692708333334,0.5753787878787879,[-0.07999999999999996],50.4,1024.0,True,0.5,11198.0,16.0,132.0,False,1.0,0.0,0.3983042393735158,"{'v4': {'micro': 0.5634146341463415, 'macro': 0.5801692708333334}, 'v3_legacy': {'micro': 0.5725609756097562, 'macro': 0.5879427083333333}, 'equal': {'micro': 0.5670731707317073, 'macro': 0.5814980158730159}, 'mrr_only': {'micro': 0.6219512195121951, 'macro': 0.6459449404761904}}",111.0,[-0.07999999999999996],COMPLETE
112,0.5861588541666667,2026-07-22 19:05:30.710151,2026-07-22 19:06:20.714536,0 days 00:00:50.004385,800,arctic-l,0.0,0.545594609408409,2,True,0.7356026785714286,0.7134146341463414,0.7431547619047619,0.7560975609756098,0.6511532738095238,0.6280487804878049,0.6681978881062534,0.6639776066190959,0.40598958333333335,0.4024390243902439,0.7081845238095238,0.6951219512195121,0.58,0.5861588541666667,0.5803030303030302,[-0.07999999999999996],49.84,1024.0,True,0.5,11198.0,16.0,132.0,False,1.0,0.0,0.39335424456743157,"{'v4': {'micro': 0.5704268292682928, 'macro': 0.5861588541666667}, 'v3_legacy': {'micro': 0.5804878048780489, 'macro': 0.5947135416666667}, 'equal': {'micro': 0.5752032520325203, 'macro': 0.5884424603174603}, 'mrr_only': {'micro': 0.6280487804878049, 'macro': 0.6511532738095238}}",112.0,[-0.07999999999999996],COMPLETE
113,0.5743359375,2026-07-22 19:06:20.728714,2026-07-22 19:06:54.478766,0 days 00:00:33.750052,800,arctic-l,0.0,0.5611777091834462,2,True,0.6897693452380952,0.6646341463414634,0.6962797619047619,0.7073170731707317,0.6157366071428572,0.5914634146341463,0.650114566638769,0.6244156926393775,0.44973958333333336,0.4146341463414634,0.6717261904761904,0.6585365853658537,0.7,0.5743359375,0.6121212121212121,[-0.19999999999999996],33.59,1024.0,True,0.5,11198.0,16.0,132.0,False,1.0,0.0,0.4120396093205342,"{'v4': {'micro': 0.5484756097560975, 'macro': 0.5743359375}, 'v3_legacy': {'micro': 0.5585365853658536, 'macro': 0.582734375}, 'equal': {'micro': 0.5548780487804879, 'macro': 0.5790674603174603}, 'mrr_only': {'micro': 0.5914634146341463, 'macro': 0.6157366071428572}}",113.0,[-0.19999999999999996],COMPLETE
114,0.5496112351190476,2026-07-22 19:06:54.492900,2026-07-22 19:07:13.138904,0 days 00:00:18.646004,800,arctic-l,0.0,0.5826547415299124,2,True,0.6568080357142857,0.6402439024390244,0.6398809523809523,0.6585365853658537,0.5905877976190476,0.573170731707317,0.6181464991164461,0.598139488153313,0.4390252976190476,0.40853658536585363,0.6205357142857143,0.6097560975609756,0.8,0.5496112351190476,0.6352272727272726,[-0.30000000000000004],18.48,1024.0,True,0.5,11198.0,16.0,132.0,False,1.0,0.0,0.4350638598704537,"{'v4': {'micro': 0.5292682926829269, 'macro': 0.5496112351190476}, 'v3_legacy': {'micro': 0.5347560975609756, 'macro': 0.5541034226190477}, 'equal': {'micro': 0.5304878048780488, 'macro': 0.5500496031746032}, 'mrr_only': {'micro': 0.573170731707317, 'macro': 0.5905877976190476}}",114.0,[-0.30000000000000004],COMPLETE
115,0.6138560267857144,2026-07-22 19:07:13.152760,2026-07-22 19:08:42.614115,0 days 00:01:29.461355,800,arctic-l,0.0,0.5093225202271481,2,True,0.7690104166666667,0.7560975609756098,0.7572916666666667,0.7804878048780488,0.6965401785714286,0.676829268292683,0.7068273729267264,0.704846968638883,0.3976190476190476,0.3902439024390244,0.7431547619047619,0.7317073170731707,0.36,0.6138560267857144,0.5136363636363637,[0.14],89.27,1024.0,False,0.5,11198.0,16.0,132.0,False,1.0,0.0,0.374541286962466,"{'v4': {'micro': 0.5990853658536586, 'macro': 0.6138560267857144}, 'v3_legacy': {'micro': 0.6073170731707317, 'macro': 0.6208482142857142}, 'equal': {'micro': 0.5995934959349594, 'macro': 0.612437996031746}, 'mrr_only': {'micro': 0.676829268292683, 'macro': 0.6965401785714286}}",115.0,[0.14],COMPLETE
116,,2026-07-22 19:08:42.628741,2026-07-22 19:08:50.712872,0 days 00:00:08.084131,800,arctic-l,0.15,0.6066879447551922,2,True,,,,,,,,,,,,,,,,[0.5],,,,,,,,,,,,,,[0.5],PRUNED
117,,2026-07-22 19:08:50.720926,2026-07-22 19:08:50.849908,0 days 00:00:00.128982,800,e5-large,0.0,0.5345433645497507,2,True,,,,,,,,,,,,,,,,[0.5],,,,,,,,,,,,,,[0.5],PRUNED
118,0.30717075892857143,2026-07-22 19:08:50.857635,2026-07-22 19:08:53.084351,0 days 00:00:02.226716,800,arctic-l,0.0,0.634493797717796,2,False,0.35554315476190473,0.3780487804878049,0.3646577380952381,0.3902439024390244,0.3190848214285714,0.34146341463414637,0.3346159315941232,0.35235108854529723,0.2748139880952381,0.2865853658536585,0.32819940476190473,0.35365853658536583,0.94,0.30717075892857143,0.5602272727272728,[-0.43999999999999995],2.07,1024.0,True,0.5,11198.0,16.0,132.0,False,1.0,0.0,0.4472780224729016,"{'v4': {'micro': 0.32682926829268294, 'macro': 0.30717075892857143}, 'v3_legacy': {'micro': 0.32865853658536587, 'macro': 0.3085379464285714}, 'equal': {'micro': 0.32723577235772355, 'macro': 0.3073660714285714}, 'mrr_only': {'micro': 0.34146341463414637, 'macro': 0.3190848214285714}}",118.0,[-0.43999999999999995],COMPLETE
119,0.571538814484127,2026-07-22 19:08:53.097970,2026-07-22 19:09:34.176032,0 days 00:00:41.078062,800,arctic-l,0.0,0.5543108378305264,5,True,0.7453249007936508,0.7235772357723578,0.7744047619047619,0.7926829268292683,0.6556671626984127,0.6321138211382115,0.704802066638769,0.685391302395475,0.34377232142857145,0.3069105691056911,0.7186011904761904,0.7073170731707317,0.6,0.571538814484127,0.5733585858585859,[-0.09999999999999998],40.92,1024.0,True,0.5,11198.0,16.0,132.0,False,1.0,0.0,0.3757766348088884,"{'v4': {'micro': 0.5458333333333333, 'macro': 0.571538814484127}, 'v3_legacy': {'micro': 0.5571138211382114, 'macro': 0.5809789186507937}, 'equal': {'micro': 0.5487804878048781, 'macro': 0.5726802248677249}, 'mrr_only': {'micro': 0.6321138211382115, 'macro': 0.6556671626984127}}",119.0,[-0.09999999999999998],COMPLETE
120,,2026-07-22 19:09:34.189859,2026-07-22 19:09:42.215305,0 days 00:00:08.025446,800,arctic-l,0.3,0.4995640931781245,2,True,,,,,,,,,,,,,,,,[0.5],,,,,,,,,,,,,,[0.5],PRUNED
121,0.5666424851190477,2026-07-22 19:09:42.223428,2026-07-22 19:10:38.878670,0 days 00:00:56.655242,800,arctic-l,0.0,0.5395211942357802,2,True,0.73046875,0.7134146341463414,0.7239583333333334,0.7439024390243902,0.6334449404761905,0.6097560975609756,0.6491257031732174,0.6440882193804196,0.38485863095238093,0.3780487804878049,0.6852678571428571,0.6707317073170732,0.58,0.5666424851190477,0.5666666666666667,[-0.07999999999999996],56.5,1024.0,True,0.5,11198.0,16.0,132.0,False,1.0,0.0,0.3983383093368078,"{'v4': {'micro': 0.5493902439024391, 'macro': 0.5666424851190477}, 'v3_legacy': {'micro': 0.5585365853658536, 'macro': 0.5744159226190476}, 'equal': {'micro': 0.5528455284552845, 'macro': 0.5678571428571428}, 'mrr_only': {'micro': 0.6097560975609756, 'macro': 0.6334449404761905}}",121.0,[-0.07999999999999996],COMPLETE
122,0.610991443452381,2026-07-22 19:10:38.893302,2026-07-22 19:11:57.258926,0 days 00:01:18.365624,800,arctic-l,0.0,0.521010794173375,2,True,0.7768229166666667,0.7621951219512195,0.7833333333333333,0.8048780487804879,0.6913318452380952,0.6707317073170732,0.7029828911930956,0.7003461119751203,0.3976190476190476,0.3902439024390244,0.7431547619047619,0.7317073170731707,0.48,0.610991443452381,0.5575757575757575,[0.020000000000000018],78.21,1024.0,False,0.5,11198.0,16.0,132.0,False,1.0,0.0,0.3735093314790986,"{'v4': {'micro': 0.5957317073170731, 'macro': 0.610991443452381}, 'v3_legacy': {'micro': 0.6048780487804878, 'macro': 0.6187648809523809}, 'equal': {'micro': 0.597560975609756, 'macro': 0.6107018849206349}, 'mrr_only': {'micro': 0.6707317073170732, 'macro': 0.6913318452380952}}",122.0,[0.020000000000000018],COMPLETE
123,0.569164806547619,2026-07-22 19:11:57.272821,2026-07-22 19:12:22.371361,0 days 00:00:25.098540,800,arctic-l,0.0,0.5709229189535244,2,True,0.6798735119047619,0.6585365853658537,0.6785714285714286,0.6951219512195121,0.6084449404761905,0.5853658536585366,0.6414590483723996,0.6167214273519206,0.45212053571428573,0.4146341463414634,0.6592261904761905,0.6463414634146342,0.74,0.569164806547619,0.6234848484848484,[-0.24],24.94,1024.0,True,0.5,11198.0,16.0,132.0,False,1.0,0.0,0.41807574549458226,"{'v4': {'micro': 0.5432926829268293, 'macro': 0.569164806547619}, 'v3_legacy': {'micro': 0.5524390243902438, 'macro': 0.5767819940476191}, 'equal': {'micro': 0.5487804878048781, 'macro': 0.5732638888888888}, 'mrr_only': {'micro': 0.5853658536585366, 'macro': 0.6084449404761905}}",123.0,[-0.24],COMPLETE
124,,2026-07-22 19:12:22.385270,2026-07-22 19:12:30.123331,0 days 00:00:07.738061,800,bge-m3,0.0,0.5500303017668444,2,True,,,,,,,,,,,,,,,,[0.5],,,,,,,,,,,,,,[0.5],PRUNED
125,0.5519494047619048,2026-07-22 19:12:30.131198,2026-07-22 19:12:51.938366,0 days 00:00:21.807168,800,arctic-l,0.0,0.5762511414185368,4,True,0.6850818452380952,0.6646341463414634,0.6785714285714286,0.6951219512195121,0.6136532738095238,0.5914634146341463,0.6453035301060304,0.6212222840156834,0.385187251984127,0.3475609756097561,0.6592261904761905,0.6463414634146342,0.76,0.5519494047619048,0.6200757575757575,[-0.26],21.65,1024.0,True,0.5,11198.0,16.0,132.0,False,1.0,0.0,0.4100555353705676,"{'v4': {'micro': 0.5265243902439025, 'macro': 0.5519494047619048}, 'v3_legacy': {'micro': 0.5347560975609756, 'macro': 0.5587853422619047}, 'equal': {'micro': 0.5284552845528455, 'macro': 0.5526889054232804}, 'mrr_only': {'micro': 0.5914634146341463, 'macro': 0.6136532738095238}}",125.0,[-0.26],COMPLETE
126,0.6152511160714286,2026-07-22 19:12:51.952200,2026-07-22 19:14:44.809902,0 days 00:01:52.857702,800,arctic-l,0.0,0.4854482775890045,2,True,0.7908854166666667,0.774390243902439,0.7854166666666667,0.8048780487804879,0.6954241071428572,0.6707317073170732,0.7077570788977089,0.7003461119751203,0.4009672619047619,0.3902439024390244,0.7498511904761904,0.7317073170731707,0.36,0.6152511160714286,0.5121212121212121,[0.14],112.7,1024.0,False,0.5,11198.0,16.0,132.0,False,1.0,0.0,0.3735093314790986,"{'v4': {'micro': 0.5957317073170731, 'macro': 0.6152511160714286}, 'v3_legacy': {'micro': 0.6048780487804878, 'macro': 0.6234151785714286}, 'equal': {'micro': 0.597560975609756, 'macro': 0.6154141865079364}, 'mrr_only': {'micro': 0.6707317073170732, 'macro': 0.6954241071428572}}",126.0,[0.14],COMPLETE
127,0.38833333333333336,2026-07-22 19:14:44.823753,2026-07-22 19:15:29.378456,0 days 00:00:44.554703,800,miniLM,0.25,0.5902147268561588,2,True,0.525,0.5666666666666667,0.525,0.5666666666666667,0.375,0.43333333333333335,0.44463946303571866,0.48412396714286104,0.25,0.26666666666666666,0.4,0.4666666666666667,0.0,0.34125000000000005,0.28095238095238095,[0.5],44.09,384.0,False,0.5,11586.0,10.0,21.0,True,1.0,0.0,0.42277522265252127,"{'v4': {'micro': 0.38833333333333336, 'macro': 0.34125000000000005}, 'v3_legacy': {'micro': 0.39333333333333337, 'macro': 0.34500000000000003}, 'equal': {'micro': 0.3888888888888889, 'macro': 0.3416666666666667}, 'mrr_only': {'micro': 0.43333333333333335, 'macro': 0.375}}",127.0,[0.5],PRUNED
128,0.49828869047619045,2026-07-22 19:15:29.387801,2026-07-22 19:20:28.245429,0 days 00:04:58.857628,256,e5-base,0.0,0.613279903467214,1,True,0.6852678571428571,0.6707317073170732,0.6436011904761905,0.6585365853658537,0.49828869047619045,0.5,0.49828869047619045,0.5,0.49828869047619045,0.5,0.49828869047619045,0.5,0.0,0.49828869047619045,0.3106060606060606,[0.5],298.7,768.0,False,0.5,28876.0,16.0,132.0,False,1.0,0.0,0.5,"{'v4': {'micro': 0.5, 'macro': 0.49828869047619045}, 'v3_legacy': {'micro': 0.5, 'macro': 0.49828869047619045}, 'equal': {'micro': 0.5, 'macro': 0.49828869047619045}, 'mrr_only': {'micro': 0.5, 'macro': 0.49828869047619045}}",128.0,[0.5],COMPLETE
129,,2026-07-22 19:20:28.259731,2026-07-22 19:20:38.928226,0 days 00:00:10.668495,1024,arctic-l,0.0,0.5270153837138126,2,True,,,,,,,,,,,,,,,,[0.5],,,,,,,,,,,,,,[0.5],PRUNED
130,0.5828776041666667,2026-07-22 19:20:38.937166,2026-07-22 19:21:16.165287,0 days 00:00:37.228121,800,arctic-l,0.0,0.5600158608965125,2,True,0.7001860119047619,0.676829268292683,0.7066964285714286,0.7195121951219512,0.6261532738095238,0.6036585365853658,0.6605312333054357,0.636610814590597,0.45390625,0.42073170731707316,0.6821428571428572,0.6707317073170732,0.7,0.5828776041666667,0.6185606060606061,[-0.19999999999999996],37.03,1024.0,True,0.5,11198.0,16.0,132.0,False,1.0,0.0,0.4087900787992386,"{'v4': {'micro': 0.5588414634146341, 'macro': 0.5828776041666667}, 'v3_legacy': {'micro': 0.5689024390243902, 'macro': 0.5912760416666667}, 'equal': {'micro': 0.565040650406504, 'macro': 0.5874007936507936}, 'mrr_only': {'micro': 0.6036585365853658, 'macro': 0.6261532738095238}}",130.0,[-0.19999999999999996],COMPLETE
131,0.5801692708333334,2026-07-22 19:21:16.179209,2026-07-22 19:22:09.593416,0 days 00:00:53.414207,800,arctic-l,0.0,0.5425888315086334,2,True,0.7356026785714286,0.7134146341463414,0.7431547619047619,0.7560975609756098,0.6459449404761904,0.6219512195121951,0.6616257031732173,0.6562833413316391,0.40078125,0.39634146341463417,0.6977678571428572,0.6829268292682927,0.58,0.5801692708333334,0.5753787878787879,[-0.07999999999999996],53.25,1024.0,True,0.5,11198.0,16.0,132.0,False,1.0,0.0,0.3983042393735158,"{'v4': {'micro': 0.5634146341463415, 'macro': 0.5801692708333334}, 'v3_legacy': {'micro': 0.5725609756097562, 'macro': 0.5879427083333333}, 'equal': {'micro': 0.5670731707317073, 'macro': 0.5814980158730159}, 'mrr_only': {'micro': 0.6219512195121951, 'macro': 0.6459449404761904}}",131.0,[-0.07999999999999996],COMPLETE
132,0.6114006696428572,2026-07-22 19:22:09.607880,2026-07-22 19:23:42.125447,0 days 00:01:32.517567,800,arctic-l,0.0,0.5046571394910376,2,True,0.7690104166666667,0.7560975609756098,0.7572916666666667,0.7804878048780488,0.6920758928571429,0.6707317073170732,0.7035321028693287,0.7003461119751203,0.3976190476190476,0.3902439024390244,0.7431547619047619,0.7317073170731707,0.36,0.6114006696428572,0.5121212121212121,[0.14],92.36,1024.0,False,0.5,11198.0,16.0,132.0,False,1.0,0.0,0.3735093314790986,"{'v4': {'micro': 0.5957317073170731, 'macro': 0.6114006696428572}, 'v3_legacy': {'micro': 0.6048780487804878, 'macro': 0.6190625}, 'equal': {'micro': 0.597560975609756, 'macro': 0.6109499007936507}, 'mrr_only': {'micro': 0.6707317073170732, 'macro': 0.6920758928571429}}",132.0,[0.14],COMPLETE
133,0.5976171875,2026-07-22 19:23:42.139214,2026-07-22 19:24:27.083107,0 days 00:00:44.943893,800,arctic-l,0.0,0.5496914699362917,2,True,0.740811011904762,0.7195121951219512,0.7535714285714286,0.7682926829268293,0.6563616071428572,0.6341463414634146,0.6747700730392894,0.6716718719065526,0.42942708333333335,0.42073170731707316,0.7186011904761904,0.7073170731707317,0.58,0.5976171875,0.5875,[-0.07999999999999996],44.79,1024.0,True,0.5,11198.0,16.0,132.0,False,1.0,0.0,0.3914591406194764,"{'v4': {'micro': 0.5810975609756098, 'macro': 0.5976171875}, 'v3_legacy': {'micro': 0.5920731707317073, 'macro': 0.606953125}, 'equal': {'micro': 0.5873983739837398, 'macro': 0.6014632936507937}, 'mrr_only': {'micro': 0.6341463414634146, 'macro': 0.6563616071428572}}",133.0,[-0.07999999999999996],COMPLETE
134,0.5451841517857143,2026-07-22 19:24:27.096578,2026-07-22 19:24:45.907352,0 days 00:00:18.810774,800,arctic-l,0.0,0.5820247402864996,2,True,0.6568080357142857,0.6402439024390244,0.6398809523809523,0.6585365853658537,0.5853794642857143,0.5670731707317073,0.6143020173828154,0.5936386314895502,0.43381696428571426,0.4024390243902439,0.6205357142857143,0.6097560975609756,0.78,0.5451841517857143,0.625,[-0.28],18.65,1024.0,True,0.5,11198.0,16.0,132.0,False,1.0,0.0,0.43194549117546926,"{'v4': {'micro': 0.5240853658536585, 'macro': 0.5451841517857143}, 'v3_legacy': {'micro': 0.5304878048780488, 'macro': 0.5504575892857143}, 'equal': {'micro': 0.5264227642276422, 'macro': 0.546577380952381}, 'mrr_only': {'micro': 0.5670731707317073, 'macro': 0.5853794642857143}}",134.0,[-0.28],COMPLETE
135,,2026-07-22 19:24:45.921550,2026-07-22 19:25:37.996867,0 days 00:00:52.075317,800,arctic-l,0.4,0.5274434873367969,2,True,,,,,,,,,,,,,,,,[0.5],,,,,,,,,,,,,,[0.5],PRUNED
136,0.5647005208333333,2026-07-22 19:25:38.008841,2026-07-22 19:26:11.046585,0 days 00:00:33.037744,800,arctic-l,0.0,0.5621694832533477,2,True,0.6824776785714286,0.6585365853658537,0.6837797619047619,0.6951219512195121,0.6084449404761905,0.5853658536585366,0.6414590483723996,0.6167214273519206,0.43723958333333335,0.4024390243902439,0.6592261904761905,0.6463414634146342,0.7,0.5647005208333333,0.6060606060606061,[-0.19999999999999996],32.8,1024.0,True,0.5,11198.0,16.0,132.0,False,1.0,0.0,0.41470587614847726,"{'v4': {'micro': 0.5396341463414634, 'macro': 0.5647005208333333}, 'v3_legacy': {'micro': 0.5487804878048781, 'macro': 0.5723177083333334}, 'equal': {'micro': 0.5447154471544715, 'macro': 0.5683035714285714}, 'mrr_only': {'micro': 0.5853658536585366, 'macro': 0.6084449404761905}}",136.0,[-0.19999999999999996],COMPLETE
137,0.38833333333333336,2026-07-22 19:26:11.061085,2026-07-22 19:26:30.863941,0 days 00:00:19.802856,800,e5-small,0.0,0.22740047646090525,2,True,0.475,0.5,0.475,0.5,0.375,0.43333333333333335,0.44463946303571866,0.48412396714286104,0.25,0.26666666666666666,0.4,0.4666666666666667,0.0,0.34125000000000005,0.28095238095238095,[0.5],19.62,384.0,False,0.5,11198.0,10.0,21.0,True,1.0,0.0,0.42277522265252127,"{'v4': {'micro': 0.38833333333333336, 'macro': 0.34125000000000005}, 'v3_legacy': {'micro': 0.39333333333333337, 'macro': 0.34500000000000003}, 'equal': {'micro': 0.3888888888888889, 'macro': 0.3416666666666667}, 'mrr_only': {'micro': 0.43333333333333335, 'macro': 0.375}}",137.0,[0.5],PRUNED
138,,2026-07-22 19:26:30.873760,2026-07-22 19:28:09.108830,0 days 00:01:38.235070,512,arctic-l,0.0,0.5971993838205196,2,False,,,,,,,,,,,,,,,,[0.5],,,,,,,,,,,,,,[0.5],PRUNED
139,0.5941220238095238,2026-07-22 19:28:09.118044,2026-07-22 19:28:56.464055,0 days 00:00:47.346011,800,arctic-l,0.0,0.5470116562705188,1,True,0.6863839285714286,0.6585365853658537,0.6343005952380952,0.6402439024390244,0.5941220238095238,0.5609756097560976,0.5941220238095238,0.5609756097560976,0.5941220238095238,0.5609756097560976,0.5941220238095238,0.5609756097560976,0.58,0.5941220238095238,0.5681818181818182,[-0.07999999999999996],47.12,1024.0,True,0.5,11198.0,16.0,132.0,False,1.0,0.0,0.4962680475457513,"{'v4': {'micro': 0.5609756097560976, 'macro': 0.5941220238095238}, 'v3_legacy': {'micro': 0.5609756097560976, 'macro': 0.5941220238095238}, 'equal': {'micro': 0.5609756097560976, 'macro': 0.5941220238095238}, 'mrr_only': {'micro': 0.5609756097560976, 'macro': 0.5941220238095238}}",139.0,[-0.07999999999999996],COMPLETE
140,,2026-07-22 19:28:56.479240,2026-07-22 19:29:04.549136,0 days 00:00:08.069896,800,arctic-l,0.15,0.5169930666880864,1,True,,,,,,,,,,,,,,,,[0.5],,,,,,,,,,,,,,[0.5],PRUNED
141,0.5837053571428571,2026-07-22 19:29:04.557625,2026-07-22 19:29:47.820436,0 days 00:00:43.262811,800,arctic-l,0.0,0.5509456756507862,1,True,0.6759672619047619,0.6463414634146342,0.6238839285714286,0.6280487804878049,0.5837053571428571,0.5487804878048781,0.5837053571428571,0.5487804878048781,0.5837053571428571,0.5487804878048781,0.5837053571428571,0.5487804878048781,0.6,0.5837053571428571,0.5681818181818182,[-0.09999999999999998],43.06,1024.0,True,0.5,11198.0,16.0,132.0,False,1.0,0.0,0.4976147747098333,"{'v4': {'micro': 0.5487804878048781, 'macro': 0.5837053571428571}, 'v3_legacy': {'micro': 0.5487804878048781, 'macro': 0.5837053571428571}, 'equal': {'micro': 0.5487804878048781, 'macro': 0.5837053571428571}, 'mrr_only': {'micro': 0.5487804878048781, 'macro': 0.5837053571428571}}",141.0,[-0.09999999999999998],COMPLETE
142,0.5816220238095238,2026-07-22 19:29:47.834547,2026-07-22 19:30:42.186927,0 days 00:00:54.352380,800,arctic-l,0.0,0.5396475169908364,1,True,0.6863839285714286,0.6585365853658537,0.6343005952380952,0.6402439024390244,0.5816220238095238,0.5487804878048781,0.5816220238095238,0.5487804878048781,0.5816220238095238,0.5487804878048781,0.5816220238095238,0.5487804878048781,0.58,0.5816220238095238,0.5606060606060606,[-0.07999999999999996],54.16,1024.0,True,0.5,11198.0,16.0,132.0,False,1.0,0.0,0.4976147747098333,"{'v4': {'micro': 0.5487804878048781, 'macro': 0.5816220238095238}, 'v3_legacy': {'micro': 0.5487804878048781, 'macro': 0.5816220238095238}, 'equal': {'micro': 0.5487804878048781, 'macro': 0.5816220238095238}, 'mrr_only': {'micro': 0.5487804878048781, 'macro': 0.5816220238095238}}",142.0,[-0.07999999999999996],COMPLETE
143,0.5576636904761905,2026-07-22 19:30:42.202754,2026-07-22 19:31:06.796980,0 days 00:00:24.594226,800,arctic-l,0.0,0.5721771891324638,1,True,0.6395089285714286,0.6097560975609756,0.5874255952380952,0.5914634146341463,0.5576636904761905,0.524390243902439,0.5576636904761905,0.524390243902439,0.5576636904761905,0.524390243902439,0.5576636904761905,0.524390243902439,0.74,0.5576636904761905,0.6060606060606061,[-0.24],24.4,1024.0,True,0.5,11198.0,16.0,132.0,False,1.0,0.0,0.4994047616937383,"{'v4': {'micro': 0.524390243902439, 'macro': 0.5576636904761905}, 'v3_legacy': {'micro': 0.524390243902439, 'macro': 0.5576636904761905}, 'equal': {'micro': 0.524390243902439, 'macro': 0.5576636904761905}, 'mrr_only': {'micro': 0.524390243902439, 'macro': 0.5576636904761905}}",143.0,[-0.24],COMPLETE
144,0.6114006696428572,2026-07-22 19:31:06.811962,2026-07-22 19:32:39.928701,0 days 00:01:33.116739,800,arctic-l,0.0,0.5037883609663135,2,True,0.7690104166666667,0.7560975609756098,0.7572916666666667,0.7804878048780488,0.6920758928571429,0.6707317073170732,0.7035321028693287,0.7003461119751203,0.3976190476190476,0.3902439024390244,0.7431547619047619,0.7317073170731707,0.36,0.6114006696428572,0.5121212121212121,[0.14],92.92,1024.0,False,0.5,11198.0,16.0,132.0,False,1.0,0.0,0.3735093314790986,"{'v4': {'micro': 0.5957317073170731, 'macro': 0.6114006696428572}, 'v3_legacy': {'micro': 0.6048780487804878, 'macro': 0.6190625}, 'equal': {'micro': 0.597560975609756, 'macro': 0.6109499007936507}, 'mrr_only': {'micro': 0.6707317073170732, 'macro': 0.6920758928571429}}",144.0,[0.14],COMPLETE
145,0.5433270089285714,2026-07-22 19:32:39.943356,2026-07-22 19:33:13.542392,0 days 00:00:33.599036,800,arctic-l,0.0,0.561280775391702,5,True,0.6958457341269841,0.6717479674796748,0.7171130952380952,0.7317073170731707,0.6157366071428572,0.5914634146341463,0.6679710600625341,0.6474260927276035,0.3463764880952381,0.30853658536585366,0.6717261904761904,0.6585365853658537,0.7,0.5433270089285714,0.5923484848484848,[-0.19999999999999996],33.4,1024.0,True,0.5,11198.0,16.0,132.0,False,1.0,0.0,0.39491821851604086,"{'v4': {'micro': 0.5166463414634147, 'macro': 0.5433270089285714}, 'v3_legacy': {'micro': 0.5267073170731708, 'macro': 0.5517254464285715}, 'equal': {'micro': 0.5195121951219512, 'macro': 0.5446130952380952}, 'mrr_only': {'micro': 0.5914634146341463, 'macro': 0.6157366071428572}}",145.0,[-0.19999999999999996],COMPLETE
146,,2026-07-22 19:33:13.558395,2026-07-22 19:33:21.297617,0 days 00:00:07.739222,800,e5-large,0.0,0.5253687128493273,2,True,,,,,,,,,,,,,,,,[0.5],,,,,,,,,,,,,,[0.5],PRUNED
147,0.6305803571428571,2026-07-22 19:33:21.307162,2026-07-22 19:35:05.589404,0 days 00:01:44.282242,800,arctic-l,0.0,0.4825897218216786,1,True,0.7286458333333333,0.7073170731707317,0.6765625,0.6890243902439024,0.6305803571428571,0.5975609756097561,0.6305803571428571,0.5975609756097561,0.6305803571428571,0.5975609756097561,0.6305803571428571,0.5975609756097561,0.34,0.6305803571428571,0.5,[0.15999999999999998],104.11,1024.0,False,0.5,11198.0,16.0,132.0,False,1.0,0.0,0.490389494216661,"{'v4': {'micro': 0.5975609756097561, 'macro': 0.6305803571428571}, 'v3_legacy': {'micro': 0.5975609756097561, 'macro': 0.6305803571428571}, 'equal': {'micro': 0.5975609756097561, 'macro': 0.6305803571428571}, 'mrr_only': {'micro': 0.5975609756097561, 'macro': 0.6305803571428571}}",147.0,[0.15999999999999998],COMPLETE
148,0.5140290178571428,2026-07-22 19:35:05.603533,2026-07-22 19:35:20.843233,0 days 00:00:15.239700,800,arctic-l,0.0,0.5901644781988198,4,True,0.6487475198412699,0.6260162601626017,0.6231398809523809,0.6341463414634146,0.5686383928571429,0.5426829268292683,0.5983555395554333,0.5689591313153328,0.3794456845238095,0.3363821138211382,0.5829613095238095,0.5609756097560976,0.84,0.5140290178571428,0.6202651515151515,[-0.33999999999999997],15.04,1024.0,True,0.5,11198.0,16.0,132.0,False,1.0,0.0,0.43857827944176214,"{'v4': {'micro': 0.48353658536585364, 'macro': 0.5140290178571428}, 'v3_legacy': {'micro': 0.48628048780487804, 'macro': 0.5161774553571429}, 'equal': {'micro': 0.4800135501355013, 'macro': 0.5103484623015873}, 'mrr_only': {'micro': 0.5426829268292683, 'macro': 0.5686383928571429}}",148.0,[-0.33999999999999997],COMPLETE
149,,2026-07-22 19:35:20.858295,2026-07-22 19:35:28.882013,0 days 00:00:08.023718,800,arctic-l,0.3,0.5455705779759479,2,True,,,,,,,,,,,,,,,,[0.5],,,,,,,,,,,,,,[0.5],PRUNED
150,,2026-07-22 19:35:28.892574,2026-07-22 19:35:29.040469,0 days 00:00:00.147895,800,bge-m3,0.0,0.6046611914404088,2,True,,,,,,,,,,,,,,,,[0.5],,,,,,,,,,,,,,[0.5],PRUNED
151,0.5976171875,2026-07-22 19:35:29.049990,2026-07-22 19:36:14.691513,0 days 00:00:45.641523,800,arctic-l,0.0,0.5496247741619741,2,True,0.740811011904762,0.7195121951219512,0.7535714285714286,0.7682926829268293,0.6563616071428572,0.6341463414634146,0.6747700730392894,0.6716718719065526,0.42942708333333335,0.42073170731707316,0.7186011904761904,0.7073170731707317,0.58,0.5976171875,0.5875,[-0.07999999999999996],45.44,1024.0,True,0.5,11198.0,16.0,132.0,False,1.0,0.0,0.3914591406194764,"{'v4': {'micro': 0.5810975609756098, 'macro': 0.5976171875}, 'v3_legacy': {'micro': 0.5920731707317073, 'macro': 0.606953125}, 'equal': {'micro': 0.5873983739837398, 'macro': 0.6014632936507937}, 'mrr_only': {'micro': 0.6341463414634146, 'macro': 0.6563616071428572}}",151.0,[-0.07999999999999996],COMPLETE
152,0.5726023065476191,2026-07-22 19:36:14.706888,2026-07-22 19:36:38.389821,0 days 00:00:23.682933,800,arctic-l,0.0,0.5732862308620624,2,True,0.6798735119047619,0.6585365853658537,0.6785714285714286,0.6951219512195121,0.6084449404761905,0.5853658536585366,0.6414590483723996,0.6167214273519206,0.463578869047619,0.4268292682926829,0.6592261904761905,0.6463414634146342,0.74,0.5726023065476191,0.6257575757575757,[-0.24],23.48,1024.0,True,0.5,11198.0,16.0,132.0,False,1.0,0.0,0.4213869058830997,"{'v4': {'micro': 0.5469512195121952, 'macro': 0.5726023065476191}, 'v3_legacy': {'micro': 0.5560975609756098, 'macro': 0.5802194940476191}, 'equal': {'micro': 0.5528455284552845, 'macro': 0.5770833333333333}, 'mrr_only': {'micro': 0.5853658536585366, 'macro': 0.6084449404761905}}",152.0,[-0.24],COMPLETE
153,0.5826209077380953,2026-07-22 19:36:38.404803,2026-07-22 19:37:42.959897,0 days 00:01:04.555094,800,arctic-l,0.0,0.532559266264564,2,True,0.7513020833333334,0.7378048780487805,0.7447916666666666,0.7682926829268293,0.6542782738095239,0.6341463414634146,0.6699590365065508,0.6684784632828585,0.38950892857142855,0.38414634146341464,0.7061011904761905,0.6951219512195121,0.52,0.5826209077380953,0.5556818181818182,[-0.020000000000000018],64.34,1024.0,True,0.5,11198.0,16.0,132.0,False,1.0,0.0,0.389595020746368,"{'v4': {'micro': 0.5682926829268293, 'macro': 0.5826209077380953}, 'v3_legacy': {'micro': 0.577439024390244, 'macro': 0.5903943452380952}, 'equal': {'micro': 0.5711382113821137, 'macro': 0.5832961309523809}, 'mrr_only': {'micro': 0.6341463414634146, 'macro': 0.6542782738095239}}",153.0,[-0.020000000000000018],COMPLETE
154,0.5810026041666667,2026-07-22 19:37:42.975301,2026-07-22 19:38:19.006164,0 days 00:00:36.030863,800,arctic-l,0.0,0.5579623443695283,2,True,0.7262276785714286,0.7012195121951219,0.7327380952380952,0.7439024390243902,0.6261532738095238,0.6036585365853658,0.6605312333054357,0.636610814590597,0.44765625,0.4146341463414634,0.6821428571428572,0.6707317073170732,0.62,0.5810026041666667,0.5871212121212122,[-0.12],35.81,1024.0,True,0.5,11198.0,16.0,132.0,False,1.0,0.0,0.4071441733588478,"{'v4': {'micro': 0.5570121951219513, 'macro': 0.5810026041666667}, 'v3_legacy': {'micro': 0.5670731707317073, 'macro': 0.5894010416666666}, 'equal': {'micro': 0.5630081300813008, 'macro': 0.5853174603174602}, 'mrr_only': {'micro': 0.6036585365853658, 'macro': 0.6261532738095238}}",154.0,[-0.12],COMPLETE
155,0.610991443452381,2026-07-22 19:38:19.021313,2026-07-22 19:39:41.468242,0 days 00:01:22.446929,800,arctic-l,0.0,0.5163693122930122,2,True,0.77421875,0.7621951219512195,0.7677083333333333,0.7926829268292683,0.6913318452380952,0.6707317073170732,0.7029828911930956,0.7003461119751203,0.3976190476190476,0.3902439024390244,0.7431547619047619,0.7317073170731707,0.44,0.610991443452381,0.5424242424242424,[0.06],82.26,1024.0,False,0.5,11198.0,16.0,132.0,False,1.0,0.0,0.3735093314790986,"{'v4': {'micro': 0.5957317073170731, 'macro': 0.610991443452381}, 'v3_legacy': {'micro': 0.6048780487804878, 'macro': 0.6187648809523809}, 'equal': {'micro': 0.597560975609756, 'macro': 0.6107018849206349}, 'mrr_only': {'micro': 0.6707317073170732, 'macro': 0.6913318452380952}}",155.0,[0.06],COMPLETE
156,0.5753924851190477,2026-07-22 19:39:41.482698,2026-07-22 19:40:35.977848,0 days 00:00:54.495150,800,arctic-l,0.0,0.5411886835896542,2,True,0.7356026785714286,0.7134146341463414,0.7431547619047619,0.7560975609756098,0.6396949404761905,0.6158536585365854,0.6570123250928606,0.6517824846678764,0.3963169642857143,0.3902439024390244,0.6977678571428572,0.6829268292682927,0.58,0.5753924851190477,0.5727272727272726,[-0.07999999999999996],54.32,1024.0,True,0.5,11198.0,16.0,132.0,False,1.0,0.0,0.39534360784378286,"{'v4': {'micro': 0.5582317073170733, 'macro': 0.5753924851190477}, 'v3_legacy': {'micro': 0.5682926829268293, 'macro': 0.5841034226190476}, 'equal': {'micro': 0.5630081300813008, 'macro': 0.5779265873015873}, 'mrr_only': {'micro': 0.6158536585365854, 'macro': 0.6396949404761905}}",156.0,[-0.07999999999999996],COMPLETE
157,0.29625,2026-07-22 19:40:35.991949,2026-07-22 19:40:47.209781,0 days 00:00:11.217832,256,miniLM,0.25,0.6209818761778275,10,True,0.4083333333333333,0.41111111111111115,0.45,0.4666666666666667,0.35625,0.375,0.48201069433677696,0.4918902919728417,0.065,0.06666666666666667,0.45,0.4666666666666667,0.0,0.2829375,0.22142857142857145,[0.5],11.04,384.0,False,0.5,30525.0,10.0,21.0,True,0.76,0.0,0.33883778075454735,"{'v4': {'micro': 0.29625, 'macro': 0.2829375}, 'v3_legacy': {'micro': 0.31, 'macro': 0.29700000000000004}, 'equal': {'micro': 0.30277777777777776, 'macro': 0.29041666666666666}, 'mrr_only': {'micro': 0.375, 'macro': 0.35625}}",157.0,[0.5],PRUNED
158,0.5496112351190476,2026-07-22 19:40:47.218896,2026-07-22 19:41:05.862231,0 days 00:00:18.643335,800,arctic-l,0.0,0.5829184074406041,2,True,0.6568080357142857,0.6402439024390244,0.6398809523809523,0.6585365853658537,0.5905877976190476,0.573170731707317,0.6181464991164461,0.598139488153313,0.4390252976190476,0.40853658536585363,0.6205357142857143,0.6097560975609756,0.8,0.5496112351190476,0.6352272727272726,[-0.30000000000000004],18.47,1024.0,True,0.5,11198.0,16.0,132.0,False,1.0,0.0,0.4350638598704537,"{'v4': {'micro': 0.5292682926829269, 'macro': 0.5496112351190476}, 'v3_legacy': {'micro': 0.5347560975609756, 'macro': 0.5541034226190477}, 'equal': {'micro': 0.5304878048780488, 'macro': 0.5500496031746032}, 'mrr_only': {'micro': 0.573170731707317, 'macro': 0.5905877976190476}}",158.0,[-0.30000000000000004],COMPLETE
159,0.6015755208333333,2026-07-22 19:41:05.876082,2026-07-22 19:41:46.864027,0 days 00:00:40.987945,800,arctic-l,0.0,0.5546198627386882,2,True,0.7366443452380952,0.7134146341463414,0.7431547619047619,0.7560975609756098,0.6521949404761904,0.6280487804878049,0.6865728999721024,0.661001058493036,0.45546875,0.42073170731707316,0.7081845238095238,0.6951219512195121,0.62,0.6015755208333333,0.5988636363636364,[-0.12],40.81,1024.0,True,0.5,11198.0,16.0,132.0,False,1.0,0.0,0.39823247289588104,"{'v4': {'micro': 0.5759146341463415, 'macro': 0.6015755208333333}, 'v3_legacy': {'micro': 0.5859756097560975, 'macro': 0.6099739583333333}, 'equal': {'micro': 0.5813008130081301, 'macro': 0.605282738095238}, 'mrr_only': {'micro': 0.6280487804878049, 'macro': 0.6521949404761904}}",159.0,[-0.12],COMPLETE
160,,2026-07-22 19:41:46.877994,2026-07-22 19:41:57.475457,0 days 00:00:10.597463,1024,arctic-l,0.0,0.5632353721261057,2,True,,,,,,,,,,,,,,,,[0.5],,,,,,,,,,,,,,[0.5],PRUNED
161,0.5887630208333334,2026-07-22 19:41:57.483852,2026-07-22 19:42:42.045140,0 days 00:00:44.561288,800,arctic-l,0.0,0.5500988057665865,2,True,0.7303943452380952,0.7073170731707317,0.7431547619047619,0.7560975609756098,0.6459449404761904,0.6219512195121951,0.6643534063726227,0.6594767499553331,0.42421875,0.4146341463414634,0.7081845238095238,0.6951219512195121,0.58,0.5887630208333334,0.581060606060606,[-0.07999999999999996],44.38,1024.0,True,0.5,11198.0,16.0,132.0,False,1.0,0.0,0.39543517395336003,"{'v4': {'micro': 0.5707317073170732, 'macro': 0.5887630208333334}, 'v3_legacy': {'micro': 0.5817073170731708, 'macro': 0.5980989583333334}, 'equal': {'micro': 0.5772357723577235, 'macro': 0.5927827380952381}, 'mrr_only': {'micro': 0.6219512195121951, 'macro': 0.6459449404761904}}",161.0,[-0.07999999999999996],COMPLETE
162,0.5976171875,2026-07-22 19:42:42.059675,2026-07-22 19:43:27.219129,0 days 00:00:45.159454,800,arctic-l,0.0,0.5492669791479871,2,True,0.740811011904762,0.7195121951219512,0.7535714285714286,0.7682926829268293,0.6563616071428572,0.6341463414634146,0.6747700730392894,0.6716718719065526,0.42942708333333335,0.42073170731707316,0.7186011904761904,0.7073170731707317,0.58,0.5976171875,0.5875,[-0.07999999999999996],44.91,1024.0,True,0.5,11198.0,16.0,132.0,False,1.0,0.0,0.3914591406194764,"{'v4': {'micro': 0.5810975609756098, 'macro': 0.5976171875}, 'v3_legacy': {'micro': 0.5920731707317073, 'macro': 0.606953125}, 'equal': {'micro': 0.5873983739837398, 'macro': 0.6014632936507937}, 'mrr_only': {'micro': 0.6341463414634146, 'macro': 0.6563616071428572}}",162.0,[-0.07999999999999996],COMPLETE
163,0.612553943452381,2026-07-22 19:43:27.233714,2026-07-22 19:44:43.828692,0 days 00:01:16.594978,800,arctic-l,0.0,0.5222980905791815,2,True,0.7768229166666667,0.7621951219512195,0.7833333333333333,0.8048780487804879,0.6913318452380952,0.6707317073170732,0.7029828911930956,0.7003461119751203,0.40282738095238096,0.39634146341463417,0.7431547619047619,0.7317073170731707,0.48,0.612553943452381,0.5587121212121212,[0.020000000000000018],76.42,1024.0,False,0.5,11198.0,16.0,132.0,False,1.0,0.0,0.3751140021042376,"{'v4': {'micro': 0.5975609756097562, 'macro': 0.612553943452381}, 'v3_legacy': {'micro': 0.6067073170731707, 'macro': 0.6203273809523809}, 'equal': {'micro': 0.5995934959349594, 'macro': 0.612437996031746}, 'mrr_only': {'micro': 0.6707317073170732, 'macro': 0.6913318452380952}}",163.0,[0.020000000000000018],COMPLETE
164,0.5754668898809524,2026-07-22 19:44:43.842840,2026-07-22 19:45:06.872984,0 days 00:00:23.030144,800,arctic-l,0.0,0.5741872826836674,2,True,0.6850818452380952,0.6646341463414634,0.6785714285714286,0.6951219512195121,0.6136532738095238,0.5914634146341463,0.6453035301060304,0.6212222840156834,0.463578869047619,0.4268292682926829,0.6592261904761905,0.6463414634146342,0.76,0.5754668898809524,0.6348484848484848,[-0.26],22.85,1024.0,True,0.5,11198.0,16.0,132.0,False,1.0,0.0,0.4226890885579621,"{'v4': {'micro': 0.5503048780487805, 'macro': 0.5754668898809524}, 'v3_legacy': {'micro': 0.5585365853658536, 'macro': 0.5823028273809524}, 'equal': {'micro': 0.5548780487804879, 'macro': 0.5788194444444444}, 'mrr_only': {'micro': 0.5914634146341463, 'macro': 0.6136532738095238}}",164.0,[-0.26],COMPLETE
165,0.46315789473684216,2026-07-22 19:45:06.887336,2026-07-22 19:45:40.232363,0 days 00:00:33.345027,800,e5-base,0.0,0.5369063545583694,2,True,0.5757575757575757,0.5789473684210527,0.5757575757575757,0.5789473684210527,0.4848484848484848,0.5263157894736842,0.5708843603355018,0.592729447744364,0.3106060606060606,0.3157894736842105,0.4848484848484848,0.5263157894736842,0.0,0.4325757575757576,0.2838709677419355,[0.5],33.17,768.0,False,0.5,11198.0,11.0,31.0,True,1.0,0.0,0.44154099328767044,"{'v4': {'micro': 0.46315789473684216, 'macro': 0.4325757575757576}, 'v3_legacy': {'micro': 0.46315789473684216, 'macro': 0.43257575757575756}, 'equal': {'micro': 0.45614035087719296, 'macro': 0.4267676767676767}, 'mrr_only': {'micro': 0.5263157894736842, 'macro': 0.4848484848484848}}",165.0,[0.5],PRUNED
166,0.4075892857142857,2026-07-22 19:45:40.242165,2026-07-22 19:45:42.663653,0 days 00:00:02.421488,800,arctic-l,0.0,0.5077952738922935,1,False,0.5655505952380953,0.524390243902439,0.5134672619047619,0.5060975609756098,0.4091517857142857,0.36585365853658536,0.4091517857142857,0.36585365853658536,0.4091517857142857,0.36585365853658536,0.39873511904761905,0.3597560975609756,0.36,0.4075892857142857,0.3625,[0.14],2.24,1024.0,False,0.5,11198.0,16.0,132.0,False,1.0,0.0,0.4805335537524669,"{'v4': {'micro': 0.3649390243902439, 'macro': 0.4075892857142857}, 'v3_legacy': {'micro': 0.36402439024390243, 'macro': 0.4060267857142857}, 'equal': {'micro': 0.3638211382113821, 'macro': 0.40567956349206347}, 'mrr_only': {'micro': 0.36585365853658536, 'macro': 0.4091517857142857}}",166.0,[0.14],COMPLETE
167,,2026-07-22 19:45:42.678147,2026-07-22 19:45:59.813538,0 days 00:00:17.135391,512,arctic-l,0.4,0.5554499070657184,2,True,,,,,,,,,,,,,,,,[0.5],,,,,,,,,,,,,,[0.5],PRUNED
168,0.5588374255952381,2026-07-22 19:45:59.821969,2026-07-22 19:46:19.437936,0 days 00:00:19.615967,800,arctic-l,0.0,0.5804190600412572,2,True,0.6694568452380952,0.6585365853658537,0.6577380952380952,0.6829268292682927,0.5980282738095238,0.5853658536585366,0.6283146785063276,0.6135280187282266,0.4472098214285714,0.42073170731707316,0.6383928571428571,0.6341463414634146,0.78,0.5588374255952381,0.6375000000000001,[-0.28],19.44,1024.0,True,0.5,11198.0,16.0,132.0,False,1.0,0.0,0.4269690537653633,"{'v4': {'micro': 0.5432926829268293, 'macro': 0.5588374255952381}, 'v3_legacy': {'micro': 0.5506097560975609, 'macro': 0.5648921130952381}, 'equal': {'micro': 0.5467479674796747, 'macro': 0.5612103174603175}, 'mrr_only': {'micro': 0.5853658536585366, 'macro': 0.5980282738095238}}",168.0,[-0.28],COMPLETE
169,0.38833333333333336,2026-07-22 19:46:19.451957,2026-07-22 19:46:38.971077,0 days 00:00:19.519120,800,e5-small,0.0,0.5946323249848645,2,True,0.475,0.5,0.475,0.5,0.375,0.43333333333333335,0.44463946303571866,0.48412396714286104,0.25,0.26666666666666666,0.4,0.4666666666666667,0.0,0.34125000000000005,0.28095238095238095,[0.5],19.35,384.0,False,0.5,11198.0,10.0,21.0,True,1.0,0.0,0.42277522265252127,"{'v4': {'micro': 0.38833333333333336, 'macro': 0.34125000000000005}, 'v3_legacy': {'micro': 0.39333333333333337, 'macro': 0.34500000000000003}, 'equal': {'micro': 0.3888888888888889, 'macro': 0.3416666666666667}, 'mrr_only': {'micro': 0.43333333333333335, 'macro': 0.375}}",169.0,[0.5],PRUNED
170,0.612256324404762,2026-07-22 19:46:38.980524,2026-07-22 19:48:24.450689,0 days 00:01:45.470165,800,arctic-l,0.0,0.491253603833425,2,True,0.7846354166666667,0.7682926829268293,0.7729166666666667,0.7926829268292683,0.6928199404761904,0.6707317073170732,0.7044709864311909,0.7003461119751203,0.3983630952380952,0.3902439024390244,0.7446428571428572,0.7317073170731707,0.36,0.612256324404762,0.5121212121212121,[0.14],105.22,1024.0,False,0.5,11198.0,16.0,132.0,False,1.0,0.0,0.3735093314790986,"{'v4': {'micro': 0.5957317073170731, 'macro': 0.612256324404762}, 'v3_legacy': {'micro': 0.6048780487804878, 'macro': 0.6200297619047619}, 'equal': {'micro': 0.597560975609756, 'macro': 0.6119419642857142}, 'mrr_only': {'micro': 0.6707317073170732, 'macro': 0.6928199404761904}}",170.0,[0.14],COMPLETE
171,0.5887630208333334,2026-07-22 19:48:24.465294,2026-07-22 19:49:06.975929,0 days 00:00:42.510635,800,arctic-l,0.0,0.5514891205814761,2,True,0.7303943452380952,0.7073170731707317,0.7431547619047619,0.7560975609756098,0.6459449404761904,0.6219512195121951,0.6643534063726227,0.6594767499553331,0.42421875,0.4146341463414634,0.7081845238095238,0.6951219512195121,0.6,0.5887630208333334,0.5886363636363636,[-0.09999999999999998],42.33,1024.0,True,0.5,11198.0,16.0,132.0,False,1.0,0.0,0.39543517395336003,"{'v4': {'micro': 0.5707317073170732, 'macro': 0.5887630208333334}, 'v3_legacy': {'micro': 0.5817073170731708, 'macro': 0.5980989583333334}, 'equal': {'micro': 0.5772357723577235, 'macro': 0.5927827380952381}, 'mrr_only': {'micro': 0.6219512195121951, 'macro': 0.6459449404761904}}",171.0,[-0.09999999999999998],COMPLETE
172,0.585132068452381,2026-07-22 19:49:06.990178,2026-07-22 19:50:10.231092,0 days 00:01:03.240914,800,arctic-l,0.0,0.5337276594461263,2,True,0.7513020833333334,0.7378048780487805,0.7447916666666666,0.7682926829268293,0.6542782738095239,0.6341463414634146,0.6699590365065508,0.6684784632828585,0.3978794642857143,0.39634146341463417,0.7061011904761905,0.6951219512195121,0.52,0.585132068452381,0.5579545454545455,[-0.020000000000000018],63.07,1024.0,True,0.5,11198.0,16.0,132.0,False,1.0,0.0,0.3929134113770822,"{'v4': {'micro': 0.5719512195121952, 'macro': 0.585132068452381}, 'v3_legacy': {'micro': 0.5810975609756097, 'macro': 0.592905505952381}, 'equal': {'micro': 0.5752032520325203, 'macro': 0.5860863095238095}, 'mrr_only': {'micro': 0.6341463414634146, 'macro': 0.6542782738095239}}",172.0,[-0.020000000000000018],COMPLETE
173,0.5678255208333334,2026-07-22 19:50:10.245466,2026-07-22 19:50:40.716595,0 days 00:00:30.471129,800,arctic-l,0.0,0.5647862215644717,2,True,0.6824776785714286,0.6585365853658537,0.6837797619047619,0.6951219512195121,0.6084449404761905,0.5853658536585366,0.6414590483723996,0.6167214273519206,0.44765625,0.40853658536585363,0.6592261904761905,0.6463414634146342,0.7,0.5678255208333334,0.6071969696969698,[-0.19999999999999996],30.3,1024.0,True,0.5,11198.0,16.0,132.0,False,1.0,0.0,0.41639823794529923,"{'v4': {'micro': 0.5414634146341464, 'macro': 0.5678255208333334}, 'v3_legacy': {'micro': 0.5506097560975609, 'macro': 0.5754427083333333}, 'equal': {'micro': 0.5467479674796747, 'macro': 0.5717757936507936}, 'mrr_only': {'micro': 0.5853658536585366, 'macro': 0.6084449404761905}}",173.0,[-0.19999999999999996],COMPLETE
174,0.5861588541666667,2026-07-22 19:50:40.730561,2026-07-22 19:51:29.690050,0 days 00:00:48.959489,800,arctic-l,0.0,0.5466004765282996,2,True,0.7356026785714286,0.7134146341463414,0.7431547619047619,0.7560975609756098,0.6511532738095238,0.6280487804878049,0.6681978881062534,0.6639776066190959,0.40598958333333335,0.4024390243902439,0.7081845238095238,0.6951219512195121,0.58,0.5861588541666667,0.5803030303030302,[-0.07999999999999996],48.78,1024.0,True,0.5,11198.0,16.0,132.0,False,1.0,0.0,0.39335424456743157,"{'v4': {'micro': 0.5704268292682928, 'macro': 0.5861588541666667}, 'v3_legacy': {'micro': 0.5804878048780489, 'macro': 0.5947135416666667}, 'equal': {'micro': 0.5752032520325203, 'macro': 0.5884424603174603}, 'mrr_only': {'micro': 0.6280487804878049, 'macro': 0.6511532738095238}}",174.0,[-0.07999999999999996],COMPLETE
175,0.610991443452381,2026-07-22 19:51:29.704407,2026-07-22 19:52:47.901014,0 days 00:01:18.196607,800,arctic-l,0.0,0.5200955469971886,2,True,0.7768229166666667,0.7621951219512195,0.7833333333333333,0.8048780487804879,0.6913318452380952,0.6707317073170732,0.7029828911930956,0.7003461119751203,0.3976190476190476,0.3902439024390244,0.7431547619047619,0.7317073170731707,0.46,0.610991443452381,0.5499999999999999,[0.03999999999999998],78.02,1024.0,False,0.5,11198.0,16.0,132.0,False,1.0,0.0,0.3735093314790986,"{'v4': {'micro': 0.5957317073170731, 'macro': 0.610991443452381}, 'v3_legacy': {'micro': 0.6048780487804878, 'macro': 0.6187648809523809}, 'equal': {'micro': 0.597560975609756, 'macro': 0.6107018849206349}, 'mrr_only': {'micro': 0.6707317073170732, 'macro': 0.6913318452380952}}",175.0,[0.03999999999999998],COMPLETE
176,,2026-07-22 19:52:47.915327,2026-07-22 19:52:55.941323,0 days 00:00:08.025996,800,arctic-l,0.15,0.5660331225159062,2,True,,,,,,,,,,,,,,,,[0.5],,,,,,,,,,,,,,[0.5],PRUNED
177,0.6499255952380952,2026-07-22 19:52:55.949669,2026-07-22 19:55:40.338689,0 days 00:02:44.389020,800,arctic-l,0.0,0.09481815477684441,1,True,0.7286458333333333,0.7073170731707317,0.6765625,0.6890243902439024,0.6499255952380952,0.6219512195121951,0.6499255952380952,0.6219512195121951,0.6499255952380952,0.6219512195121951,0.6499255952380952,0.6219512195121951,0.0,0.6499255952380952,0.38636363636363635,[0.5],164.22,1024.0,False,0.5,11198.0,16.0,132.0,False,1.0,0.0,0.4848998866358791,"{'v4': {'micro': 0.6219512195121951, 'macro': 0.6499255952380952}, 'v3_legacy': {'micro': 0.6219512195121951, 'macro': 0.6499255952380952}, 'equal': {'micro': 0.6219512195121951, 'macro': 0.6499255952380952}, 'mrr_only': {'micro': 0.6219512195121951, 'macro': 0.6499255952380952}}",177.0,[0.5],COMPLETE
178,0.5589619295634921,2026-07-22 19:55:40.356463,2026-07-22 19:56:43.323582,0 days 00:01:02.967119,800,arctic-l,0.0,0.5333880348158666,5,True,0.7714409722222222,0.7585365853658537,0.8458333333333333,0.8475609756097561,0.6674727182539683,0.6487804878048781,0.7201805109093641,0.7130018892561163,0.26458085317460317,0.2599593495934959,0.7498511904761904,0.7439024390243902,0.52,0.5589619295634921,0.5452651515151514,[-0.020000000000000018],62.8,1024.0,True,0.5,11198.0,16.0,132.0,False,1.0,0.0,0.35049350317289607,"{'v4': {'micro': 0.5464024390243902, 'macro': 0.5589619295634921}, 'v3_legacy': {'micro': 0.5606707317073171, 'macro': 0.5713187003968254}, 'equal': {'micro': 0.550880758807588, 'macro': 0.5606349206349206}, 'mrr_only': {'micro': 0.6487804878048781, 'macro': 0.6674727182539683}}",178.0,[-0.020000000000000018],COMPLETE
179,0.5887630208333334,2026-07-22 19:56:43.337522,2026-07-22 19:57:26.002127,0 days 00:00:42.664605,800,arctic-l,0.0,0.5512931451488254,2,True,0.7303943452380952,0.7073170731707317,0.7431547619047619,0.7560975609756098,0.6459449404761904,0.6219512195121951,0.6643534063726227,0.6594767499553331,0.42421875,0.4146341463414634,0.7081845238095238,0.6951219512195121,0.6,0.5887630208333334,0.5886363636363636,[-0.09999999999999998],42.49,1024.0,True,0.5,11198.0,16.0,132.0,False,1.0,0.0,0.39543517395336003,"{'v4': {'micro': 0.5707317073170732, 'macro': 0.5887630208333334}, 'v3_legacy': {'micro': 0.5817073170731708, 'macro': 0.5980989583333334}, 'equal': {'micro': 0.5772357723577235, 'macro': 0.5927827380952381}, 'mrr_only': {'micro': 0.6219512195121951, 'macro': 0.6459449404761904}}",179.0,[-0.09999999999999998],COMPLETE
180,,2026-07-22 19:57:26.016130,2026-07-22 19:57:33.755142,0 days 00:00:07.739012,800,e5-large,0.0,0.5041348142649877,2,True,,,,,,,,,,,,,,,,[0.5],,,,,,,,,,,,,,[0.5],PRUNED
181,0.5887630208333334,2026-07-22 19:57:33.763353,2026-07-22 19:58:16.936950,0 days 00:00:43.173597,800,arctic-l,0.0,0.5506863442631991,2,True,0.7303943452380952,0.7073170731707317,0.7431547619047619,0.7560975609756098,0.6459449404761904,0.6219512195121951,0.6643534063726227,0.6594767499553331,0.42421875,0.4146341463414634,0.7081845238095238,0.6951219512195121,0.6,0.5887630208333334,0.5886363636363636,[-0.09999999999999998],42.99,1024.0,True,0.5,11198.0,16.0,132.0,False,1.0,0.0,0.39543517395336003,"{'v4': {'micro': 0.5707317073170732, 'macro': 0.5887630208333334}, 'v3_legacy': {'micro': 0.5817073170731708, 'macro': 0.5980989583333334}, 'equal': {'micro': 0.5772357723577235, 'macro': 0.5927827380952381}, 'mrr_only': {'micro': 0.6219512195121951, 'macro': 0.6459449404761904}}",181.0,[-0.09999999999999998],COMPLETE
182,0.5588374255952381,2026-07-22 19:58:16.951658,2026-07-22 19:58:36.359478,0 days 00:00:19.407820,800,arctic-l,0.0,0.5807096862804342,2,True,0.6694568452380952,0.6585365853658537,0.6577380952380952,0.6829268292682927,0.5980282738095238,0.5853658536585366,0.6283146785063276,0.6135280187282266,0.4472098214285714,0.42073170731707316,0.6383928571428571,0.6341463414634146,0.78,0.5588374255952381,0.6375000000000001,[-0.28],19.23,1024.0,True,0.5,11198.0,16.0,132.0,False,1.0,0.0,0.4269690537653633,"{'v4': {'micro': 0.5432926829268293, 'macro': 0.5588374255952381}, 'v3_legacy': {'micro': 0.5506097560975609, 'macro': 0.5648921130952381}, 'equal': {'micro': 0.5467479674796747, 'macro': 0.5612103174603175}, 'mrr_only': {'micro': 0.5853658536585366, 'macro': 0.5980282738095238}}",182.0,[-0.28],COMPLETE
183,0.5981380208333333,2026-07-22 19:58:36.373985,2026-07-22 19:59:18.087708,0 days 00:00:41.713723,800,arctic-l,0.0,0.5527771799891275,2,True,0.7303943452380952,0.7073170731707317,0.7431547619047619,0.7560975609756098,0.6459449404761904,0.6219512195121951,0.6819595218917456,0.6565002018292733,0.45546875,0.42073170731707316,0.7081845238095238,0.6951219512195121,0.6,0.5981380208333333,0.5897727272727272,[-0.09999999999999998],41.54,1024.0,True,0.5,11198.0,16.0,132.0,False,1.0,0.0,0.3970664101719674,"{'v4': {'micro': 0.5725609756097562, 'macro': 0.5981380208333333}, 'v3_legacy': {'micro': 0.5835365853658536, 'macro': 0.6074739583333333}, 'equal': {'micro': 0.5792682926829268, 'macro': 0.6031994047619047}, 'mrr_only': {'micro': 0.6219512195121951, 'macro': 0.6459449404761904}}",183.0,[-0.09999999999999998],COMPLETE
184,0.5747154017857143,2026-07-22 19:59:18.101977,2026-07-22 20:00:20.509604,0 days 00:01:02.407627,800,arctic-l,0.0,0.534003757663521,2,True,0.7408854166666666,0.725609756097561,0.734375,0.7560975609756098,0.6438616071428571,0.6219512195121951,0.659542369839884,0.6562833413316391,0.3874627976190476,0.38414634146341464,0.6956845238095238,0.6829268292682927,0.52,0.5747154017857143,0.5503787878787879,[-0.020000000000000018],62.23,1024.0,True,0.5,11198.0,16.0,132.0,False,1.0,0.0,0.39495206751395984,"{'v4': {'micro': 0.5597560975609757, 'macro': 0.5747154017857143}, 'v3_legacy': {'micro': 0.5689024390243902, 'macro': 0.5824888392857143}, 'equal': {'micro': 0.5630081300813008, 'macro': 0.5756696428571428}, 'mrr_only': {'micro': 0.6219512195121951, 'macro': 0.6438616071428571}}",184.0,[-0.020000000000000018],COMPLETE
185,0.5828776041666667,2026-07-22 20:00:20.523799,2026-07-22 20:00:56.788043,0 days 00:00:36.264244,800,arctic-l,0.0,0.5589342538729549,2,True,0.7158110119047619,0.6890243902439024,0.7223214285714286,0.7317073170731707,0.6261532738095238,0.6036585365853658,0.6605312333054357,0.636610814590597,0.45390625,0.42073170731707316,0.6821428571428572,0.6707317073170732,0.68,0.5828776041666667,0.6109848484848486,[-0.18000000000000005],36.09,1024.0,True,0.5,11198.0,16.0,132.0,False,1.0,0.0,0.4087900787992386,"{'v4': {'micro': 0.5588414634146341, 'macro': 0.5828776041666667}, 'v3_legacy': {'micro': 0.5689024390243902, 'macro': 0.5912760416666667}, 'equal': {'micro': 0.565040650406504, 'macro': 0.5874007936507936}, 'mrr_only': {'micro': 0.6036585365853658, 'macro': 0.6261532738095238}}",185.0,[-0.18000000000000005],COMPLETE
186,,2026-07-22 20:00:56.802174,2026-07-22 20:01:04.797473,0 days 00:00:07.995299,800,arctic-l,0.3,0.5982166057814442,4,True,,,,,,,,,,,,,,,,[0.5],,,,,,,,,,,,,,[0.5],PRUNED
187,0.612553943452381,2026-07-22 20:01:04.805922,2026-07-22 20:02:21.771589,0 days 00:01:16.965667,800,arctic-l,0.0,0.522462007593079,2,True,0.7768229166666667,0.7621951219512195,0.7833333333333333,0.8048780487804879,0.6913318452380952,0.6707317073170732,0.7029828911930956,0.7003461119751203,0.40282738095238096,0.39634146341463417,0.7431547619047619,0.7317073170731707,0.48,0.612553943452381,0.5587121212121212,[0.020000000000000018],76.79,1024.0,False,0.5,11198.0,16.0,132.0,False,1.0,0.0,0.3751140021042376,"{'v4': {'micro': 0.5975609756097562, 'macro': 0.612553943452381}, 'v3_legacy': {'micro': 0.6067073170731707, 'macro': 0.6203273809523809}, 'equal': {'micro': 0.5995934959349594, 'macro': 0.612437996031746}, 'mrr_only': {'micro': 0.6707317073170732, 'macro': 0.6913318452380952}}",187.0,[0.020000000000000018],COMPLETE
188,0.569164806547619,2026-07-22 20:02:21.786309,2026-07-22 20:02:47.376906,0 days 00:00:25.590597,800,arctic-l,0.0,0.5704254837241417,2,True,0.6798735119047619,0.6585365853658537,0.6785714285714286,0.6951219512195121,0.6084449404761905,0.5853658536585366,0.6414590483723996,0.6167214273519206,0.45212053571428573,0.4146341463414634,0.6592261904761905,0.6463414634146342,0.74,0.569164806547619,0.6234848484848484,[-0.24],25.42,1024.0,True,0.5,11198.0,16.0,132.0,False,1.0,0.0,0.41807574549458226,"{'v4': {'micro': 0.5432926829268293, 'macro': 0.569164806547619}, 'v3_legacy': {'micro': 0.5524390243902438, 'macro': 0.5767819940476191}, 'equal': {'micro': 0.5487804878048781, 'macro': 0.5732638888888888}, 'mrr_only': {'micro': 0.5853658536585366, 'macro': 0.6084449404761905}}",188.0,[-0.24],COMPLETE
189,0.4956529017857143,2026-07-22 20:02:47.391104,2026-07-22 20:03:24.829085,0 days 00:00:37.437981,256,arctic-l,0.0,0.5439967012631802,2,True,0.7509672619047619,0.75,0.7483630952380952,0.774390243902439,0.5485491071428571,0.5609756097560976,0.5953306360526822,0.6427807713403509,0.35595238095238096,0.3780487804878049,0.5811011904761905,0.5975609756097561,0.52,0.4956529017857143,0.5181818181818182,[-0.020000000000000018],37.28,1024.0,True,0.5,28876.0,16.0,132.0,False,1.0,0.0,0.43050939626638424,"{'v4': {'micro': 0.5115853658536585, 'macro': 0.4956529017857143}, 'v3_legacy': {'micro': 0.5170731707317073, 'macro': 0.5005357142857143}, 'equal': {'micro': 0.5121951219512195, 'macro': 0.4952008928571428}, 'mrr_only': {'micro': 0.5609756097560976, 'macro': 0.5485491071428571}}",189.0,[-0.020000000000000018],COMPLETE
190,,2026-07-22 20:03:24.842868,2026-07-22 20:03:32.546277,0 days 00:00:07.703409,800,bge-m3,0.0,0.586509269494524,1,True,,,,,,,,,,,,,,,,[0.5],,,,,,,,,,,,,,[0.5],PRUNED
191,0.5887630208333334,2026-07-22 20:03:32.554772,2026-07-22 20:04:15.256061,0 days 00:00:42.701289,800,arctic-l,0.0,0.5505440506812292,2,True,0.7303943452380952,0.7073170731707317,0.7431547619047619,0.7560975609756098,0.6459449404761904,0.6219512195121951,0.6643534063726227,0.6594767499553331,0.42421875,0.4146341463414634,0.7081845238095238,0.6951219512195121,0.6,0.5887630208333334,0.5886363636363636,[-0.09999999999999998],42.54,1024.0,True,0.5,11198.0,16.0,132.0,False,1.0,0.0,0.39543517395336003,"{'v4': {'micro': 0.5707317073170732, 'macro': 0.5887630208333334}, 'v3_legacy': {'micro': 0.5817073170731708, 'macro': 0.5980989583333334}, 'equal': {'micro': 0.5772357723577235, 'macro': 0.5927827380952381}, 'mrr_only': {'micro': 0.6219512195121951, 'macro': 0.6459449404761904}}",191.0,[-0.09999999999999998],COMPLETE
192,0.5678255208333334,2026-07-22 20:04:15.270228,2026-07-22 20:04:44.386682,0 days 00:00:29.116454,800,arctic-l,0.0,0.5662258693424868,2,True,0.6824776785714286,0.6585365853658537,0.6837797619047619,0.6951219512195121,0.6084449404761905,0.5853658536585366,0.6414590483723996,0.6167214273519206,0.44765625,0.40853658536585363,0.6592261904761905,0.6463414634146342,0.7,0.5678255208333334,0.6071969696969698,[-0.19999999999999996],28.95,1024.0,True,0.5,11198.0,16.0,132.0,False,1.0,0.0,0.41639823794529923,"{'v4': {'micro': 0.5414634146341464, 'macro': 0.5678255208333334}, 'v3_legacy': {'micro': 0.5506097560975609, 'macro': 0.5754427083333333}, 'equal': {'micro': 0.5467479674796747, 'macro': 0.5717757936507936}, 'mrr_only': {'micro': 0.5853658536585366, 'macro': 0.6084449404761905}}",192.0,[-0.19999999999999996],COMPLETE
193,0.5916052827380953,2026-07-22 20:04:44.400614,2026-07-22 20:05:50.802515,0 days 00:01:06.401901,800,arctic-l,0.0,0.5305322277360295,2,True,0.7591145833333334,0.7439024390243902,0.7604166666666666,0.7804878048780488,0.6620907738095239,0.6402439024390244,0.6798173139061048,0.6761727285703154,0.39732142857142855,0.3902439024390244,0.7217261904761905,0.7073170731707317,0.52,0.5916052827380953,0.5606060606060606,[-0.020000000000000018],66.24,1024.0,True,0.5,11198.0,16.0,132.0,False,1.0,0.0,0.38444396619915416,"{'v4': {'micro': 0.5753048780487805, 'macro': 0.5916052827380953}, 'v3_legacy': {'micro': 0.5853658536585366, 'macro': 0.6005505952380953}, 'equal': {'micro': 0.5792682926829268, 'macro': 0.5937127976190476}, 'mrr_only': {'micro': 0.6402439024390244, 'macro': 0.6620907738095239}}",193.0,[-0.020000000000000018],COMPLETE
194,0.6138560267857144,2026-07-22 20:05:50.816551,2026-07-22 20:07:18.384184,0 days 00:01:27.567633,800,arctic-l,0.0,0.5107790048903477,2,True,0.7690104166666667,0.7560975609756098,0.7572916666666667,0.7804878048780488,0.6965401785714286,0.676829268292683,0.7068273729267264,0.704846968638883,0.3976190476190476,0.3902439024390244,0.7431547619047619,0.7317073170731707,0.36,0.6138560267857144,0.5136363636363637,[0.14],87.41,1024.0,False,0.5,11198.0,16.0,132.0,False,1.0,0.0,0.374541286962466,"{'v4': {'micro': 0.5990853658536586, 'macro': 0.6138560267857144}, 'v3_legacy': {'micro': 0.6073170731707317, 'macro': 0.6208482142857142}, 'equal': {'micro': 0.5995934959349594, 'macro': 0.612437996031746}, 'mrr_only': {'micro': 0.676829268292683, 'macro': 0.6965401785714286}}",194.0,[0.14],COMPLETE
195,0.5655028521825397,2026-07-22 20:07:18.398457,2026-07-22 20:08:28.476541,0 days 00:01:10.078084,800,arctic-l,0.0,0.5276724049903568,10,True,0.7841145833333333,0.7697154471544716,0.8895833333333334,0.8902439024390244,0.6929935515873016,0.6682926829268292,0.755847746342766,0.7419182848525067,0.21355406746031746,0.19938056523422376,0.8019345238095238,0.7804878048780488,0.5,0.5655028521825397,0.538066378066378,[0.0],69.92,1024.0,True,0.5,11198.0,16.0,132.0,False,1.0,0.0,0.32437852695343045,"{'v4': {'micro': 0.5444483159117306, 'macro': 0.5655028521825397}, 'v3_legacy': {'micro': 0.5612775842044134, 'macro': 0.5818439980158729}, 'equal': {'micro': 0.5493870176797006, 'macro': 0.5694940476190475}, 'mrr_only': {'micro': 0.6682926829268292, 'macro': 0.6929935515873016}}",195.0,[0.0],COMPLETE
196,,2026-07-22 20:08:28.490685,2026-07-22 20:08:36.510012,0 days 00:00:08.019327,800,arctic-l,0.25,0.5356129548924047,2,False,,,,,,,,,,,,,,,,[0.5],,,,,,,,,,,,,,[0.5],PRUNED
197,0.38833333333333336,2026-07-22 20:08:36.517992,2026-07-22 20:08:56.738747,0 days 00:00:20.220755,800,miniLM,0.0,0.5774527016712042,2,True,0.525,0.5666666666666667,0.525,0.5666666666666667,0.375,0.43333333333333335,0.44463946303571866,0.48412396714286104,0.25,0.26666666666666666,0.4,0.4666666666666667,0.0,0.34125000000000005,0.28095238095238095,[0.5],20.05,384.0,False,0.5,11198.0,10.0,21.0,True,1.0,0.0,0.42277522265252127,"{'v4': {'micro': 0.38833333333333336, 'macro': 0.34125000000000005}, 'v3_legacy': {'micro': 0.39333333333333337, 'macro': 0.34500000000000003}, 'equal': {'micro': 0.3888888888888889, 'macro': 0.3416666666666667}, 'mrr_only': {'micro': 0.43333333333333335, 'macro': 0.375}}",197.0,[0.5],PRUNED
198,0.5810026041666667,2026-07-22 20:08:56.747242,2026-07-22 20:09:33.257105,0 days 00:00:36.509863,800,arctic-l,0.0,0.5575711554256023,2,True,0.7262276785714286,0.7012195121951219,0.7327380952380952,0.7439024390243902,0.6261532738095238,0.6036585365853658,0.6605312333054357,0.636610814590597,0.44765625,0.4146341463414634,0.6821428571428572,0.6707317073170732,0.62,0.5810026041666667,0.5871212121212122,[-0.12],36.32,1024.0,True,0.5,11198.0,16.0,132.0,False,1.0,0.0,0.4071441733588478,"{'v4': {'micro': 0.5570121951219513, 'macro': 0.5810026041666667}, 'v3_legacy': {'micro': 0.5670731707317073, 'macro': 0.5894010416666666}, 'equal': {'micro': 0.5630081300813008, 'macro': 0.5853174603174602}, 'mrr_only': {'micro': 0.6036585365853658, 'macro': 0.6261532738095238}}",198.0,[-0.12],COMPLETE
199,,2026-07-22 20:09:33.272375,2026-07-22 20:09:43.851153,0 days 00:00:10.578778,1024,arctic-l,0.0,0.540777721364768,2,True,,,,,,,,,,,,,,,,[0.5],,,,,,,,,,,,,,[0.5],PRUNED
200,0.5150558035714287,2026-07-22 20:09:43.859918,2026-07-22 20:11:32.036212,0 days 00:01:48.176294,512,e5-base,0.0,0.5162277782596594,2,True,0.678422619047619,0.6463414634146342,0.6601934523809524,0.6585365853658537,0.5810267857142857,0.5609756097560976,0.6059060670918485,0.6090271620644638,0.3423735119047619,0.3353658536585366,0.6185267857142857,0.5975609756097561,0.0,0.5150558035714287,0.3132575757575758,[0.5],108.01,768.0,False,0.5,15721.0,16.0,132.0,False,1.0,0.0,0.4178360054185761,"{'v4': {'micro': 0.4987804878048781, 'macro': 0.5150558035714287}, 'v3_legacy': {'micro': 0.5042682926829268, 'macro': 0.5206808035714285}, 'equal': {'micro': 0.4979674796747967, 'macro': 0.5139756944444445}, 'mrr_only': {'micro': 0.5609756097560976, 'macro': 0.5810267857142857}}",200.0,[0.5],COMPLETE
201,0.5965755208333334,2026-07-22 20:11:32.049952,2026-07-22 20:12:16.367138,0 days 00:00:44.317186,800,arctic-l,0.0,0.5525213579698275,2,True,0.7303943452380952,0.7073170731707317,0.7431547619047619,0.7560975609756098,0.6459449404761904,0.6219512195121951,0.6819595218917456,0.6565002018292733,0.45026041666666666,0.4146341463414634,0.7081845238095238,0.6951219512195121,0.6,0.5965755208333334,0.5886363636363636,[-0.09999999999999998],44.15,1024.0,True,0.5,11198.0,16.0,132.0,False,1.0,0.0,0.39543517395336003,"{'v4': {'micro': 0.5707317073170732, 'macro': 0.5965755208333334}, 'v3_legacy': {'micro': 0.5817073170731708, 'macro': 0.6059114583333334}, 'equal': {'micro': 0.5772357723577235, 'macro': 0.6014632936507937}, 'mrr_only': {'micro': 0.6219512195121951, 'macro': 0.6459449404761904}}",201.0,[-0.09999999999999998],COMPLETE
202,0.5678255208333334,2026-07-22 20:12:16.380980,2026-07-22 20:12:45.162407,0 days 00:00:28.781427,800,arctic-l,0.0,0.5665005647195844,2,True,0.6824776785714286,0.6585365853658537,0.6837797619047619,0.6951219512195121,0.6084449404761905,0.5853658536585366,0.6414590483723996,0.6167214273519206,0.44765625,0.40853658536585363,0.6592261904761905,0.6463414634146342,0.7,0.5678255208333334,0.6071969696969698,[-0.19999999999999996],28.62,1024.0,True,0.5,11198.0,16.0,132.0,False,1.0,0.0,0.41639823794529923,"{'v4': {'micro': 0.5414634146341464, 'macro': 0.5678255208333334}, 'v3_legacy': {'micro': 0.5506097560975609, 'macro': 0.5754427083333333}, 'equal': {'micro': 0.5467479674796747, 'macro': 0.5717757936507936}, 'mrr_only': {'micro': 0.5853658536585366, 'macro': 0.6084449404761905}}",202.0,[-0.19999999999999996],COMPLETE
203,0.5801692708333334,2026-07-22 20:12:45.176316,2026-07-22 20:13:35.828074,0 days 00:00:50.651758,800,arctic-l,0.0,0.5446296265574719,2,True,0.7356026785714286,0.7134146341463414,0.7431547619047619,0.7560975609756098,0.6459449404761904,0.6219512195121951,0.6616257031732173,0.6562833413316391,0.40078125,0.39634146341463417,0.6977678571428572,0.6829268292682927,0.58,0.5801692708333334,0.5753787878787879,[-0.07999999999999996],50.49,1024.0,True,0.5,11198.0,16.0,132.0,False,1.0,0.0,0.3983042393735158,"{'v4': {'micro': 0.5634146341463415, 'macro': 0.5801692708333334}, 'v3_legacy': {'micro': 0.5725609756097562, 'macro': 0.5879427083333333}, 'equal': {'micro': 0.5670731707317073, 'macro': 0.5814980158730159}, 'mrr_only': {'micro': 0.6219512195121951, 'macro': 0.6459449404761904}}",203.0,[-0.07999999999999996],COMPLETE
204,0.5900427827380953,2026-07-22 20:13:35.841776,2026-07-22 20:14:45.379091,0 days 00:01:09.537315,800,arctic-l,0.0,0.5287810693588764,2,True,0.7591145833333334,0.7439024390243902,0.7604166666666666,0.7804878048780488,0.6620907738095239,0.6402439024390244,0.6757875971640783,0.6714550114089186,0.39211309523809523,0.38414634146341464,0.7217261904761905,0.7073170731707317,0.52,0.5900427827380953,0.559469696969697,[-0.020000000000000018],69.38,1024.0,True,0.5,11198.0,16.0,132.0,False,1.0,0.0,0.38277205295980954,"{'v4': {'micro': 0.5734756097560977, 'macro': 0.5900427827380953}, 'v3_legacy': {'micro': 0.5835365853658536, 'macro': 0.5989880952380953}, 'equal': {'micro': 0.5772357723577235, 'macro': 0.5919766865079364}, 'mrr_only': {'micro': 0.6402439024390244, 'macro': 0.6620907738095239}}",204.0,[-0.020000000000000018],COMPLETE
205,0.6049646577380953,2026-07-22 20:14:45.392806,2026-07-22 20:15:56.997425,0 days 00:01:11.604619,800,arctic-l,0.0,0.5263871722315634,2,True,0.7716145833333333,0.7560975609756098,0.7729166666666667,0.7926829268292683,0.6824032738095238,0.6585365853658537,0.6940543197645243,0.6881509900239008,0.3983630952380952,0.3902439024390244,0.7342261904761904,0.7195121951219512,0.5,0.6049646577380953,0.5598484848484849,[0.0],71.45,1024.0,True,0.5,11198.0,16.0,132.0,False,1.0,0.0,0.3797111366463694,"{'v4': {'micro': 0.5871951219512196, 'macro': 0.6049646577380953}, 'v3_legacy': {'micro': 0.5963414634146341, 'macro': 0.6127380952380952}, 'equal': {'micro': 0.589430894308943, 'macro': 0.6049975198412698}, 'mrr_only': {'micro': 0.6585365853658537, 'macro': 0.6824032738095238}}",205.0,[0.0],COMPLETE
206,,2026-07-22 20:15:57.011399,2026-07-22 20:16:48.835508,0 days 00:00:51.824109,800,arctic-l,0.4,0.4969185478508051,2,True,,,,,,,,,,,,,,,,[0.5],,,,,,,,,,,,,,[0.5],PRUNED
207,0.612553943452381,2026-07-22 20:16:48.844463,2026-07-22 20:18:00.932056,0 days 00:01:12.087593,800,arctic-l,0.0,0.5259095839074265,2,True,0.7716145833333333,0.7560975609756098,0.7729166666666667,0.7926829268292683,0.6913318452380952,0.6707317073170732,0.7029828911930956,0.7003461119751203,0.40282738095238096,0.39634146341463417,0.7431547619047619,0.7317073170731707,0.5,0.612553943452381,0.5662878787878788,[0.0],71.93,1024.0,True,0.5,11198.0,16.0,132.0,False,1.0,0.0,0.3751140021042376,"{'v4': {'micro': 0.5975609756097562, 'macro': 0.612553943452381}, 'v3_legacy': {'micro': 0.6067073170731707, 'macro': 0.6203273809523809}, 'equal': {'micro': 0.5995934959349594, 'macro': 0.612437996031746}, 'mrr_only': {'micro': 0.6707317073170732, 'macro': 0.6913318452380952}}",207.0,[0.0],COMPLETE
208,0.6395089285714286,2026-07-22 20:18:00.945579,2026-07-22 20:19:10.786522,0 days 00:01:09.840943,800,arctic-l,0.0,0.5255051002468465,1,True,0.7286458333333333,0.7073170731707317,0.6765625,0.6890243902439024,0.6395089285714286,0.6097560975609756,0.6395089285714286,0.6097560975609756,0.6395089285714286,0.6097560975609756,0.6395089285714286,0.6097560975609756,0.5,0.6395089285714286,0.5681818181818182,[0.0],69.68,1024.0,True,0.5,11198.0,16.0,132.0,False,1.0,0.0,0.4878048780487805,"{'v4': {'micro': 0.6097560975609756, 'macro': 0.6395089285714286}, 'v3_legacy': {'micro': 0.6097560975609756, 'macro': 0.6395089285714286}, 'equal': {'micro': 0.6097560975609756, 'macro': 0.6395089285714286}, 'mrr_only': {'micro': 0.6097560975609756, 'macro': 0.6395089285714286}}",208.0,[0.0],COMPLETE
209,0.6409970238095238,2026-07-22 20:19:10.800266,2026-07-22 20:21:01.686960,0 days 00:01:50.886694,800,arctic-l,0.0,0.47065659987463226,1,True,0.7286458333333333,0.7073170731707317,0.6765625,0.6890243902439024,0.6409970238095238,0.6097560975609756,0.6409970238095238,0.6097560975609756,0.6409970238095238,0.6097560975609756,0.6409970238095238,0.6097560975609756,0.32,0.6409970238095238,0.5,[0.18],110.73,1024.0,False,0.5,11198.0,16.0,132.0,False,1.0,0.0,0.4878048780487805,"{'v4': {'micro': 0.6097560975609756, 'macro': 0.6409970238095238}, 'v3_legacy': {'micro': 0.6097560975609756, 'macro': 0.6409970238095238}, 'equal': {'micro': 0.6097560975609756, 'macro': 0.6409970238095238}, 'mrr_only': {'micro': 0.6097560975609756, 'macro': 0.6409970238095238}}",209.0,[0.18],COMPLETE
210,0.6395089285714286,2026-07-22 20:21:01.700804,2026-07-22 20:22:16.122667,0 days 00:01:14.421863,800,arctic-l,0.0,0.5206518602040993,1,True,0.7286458333333333,0.7073170731707317,0.6765625,0.6890243902439024,0.6395089285714286,0.6097560975609756,0.6395089285714286,0.6097560975609756,0.6395089285714286,0.6097560975609756,0.6395089285714286,0.6097560975609756,0.46,0.6395089285714286,0.553030303030303,[0.03999999999999998],74.26,1024.0,False,0.5,11198.0,16.0,132.0,False,1.0,0.0,0.4878048780487805,"{'v4': {'micro': 0.6097560975609756, 'macro': 0.6395089285714286}, 'v3_legacy': {'micro': 0.6097560975609756, 'macro': 0.6395089285714286}, 'equal': {'micro': 0.6097560975609756, 'macro': 0.6395089285714286}, 'mrr_only': {'micro': 0.6097560975609756, 'macro': 0.6395089285714286}}",210.0,[0.03999999999999998],COMPLETE
211,0.6024553571428571,2026-07-22 20:22:16.136613,2026-07-22 20:23:19.468292,0 days 00:01:03.331679,800,arctic-l,0.0,0.5304175996330458,1,True,0.7161458333333334,0.6951219512195121,0.6640625,0.676829268292683,0.6024553571428571,0.573170731707317,0.6024553571428571,0.573170731707317,0.6024553571428571,0.573170731707317,0.6024553571428571,0.573170731707317,0.52,0.6024553571428571,0.553030303030303,[-0.020000000000000018],63.17,1024.0,True,0.5,11198.0,16.0,132.0,False,1.0,0.0,0.49461706806520117,"{'v4': {'micro': 0.573170731707317, 'macro': 0.6024553571428571}, 'v3_legacy': {'micro': 0.573170731707317, 'macro': 0.6024553571428571}, 'equal': {'micro': 0.573170731707317, 'macro': 0.6024553571428571}, 'mrr_only': {'micro': 0.573170731707317, 'macro': 0.6024553571428571}}",211.0,[-0.020000000000000018],COMPLETE
212,0.6395089285714286,2026-07-22 20:23:19.482057,2026-07-22 20:24:42.019640,0 days 00:01:22.537583,800,arctic-l,0.0,0.5095836222780654,1,True,0.7286458333333333,0.7073170731707317,0.6765625,0.6890243902439024,0.6395089285714286,0.6097560975609756,0.6395089285714286,0.6097560975609756,0.6395089285714286,0.6097560975609756,0.6395089285714286,0.6097560975609756,0.36,0.6395089285714286,0.5151515151515151,[0.14],82.38,1024.0,False,0.5,11198.0,16.0,132.0,False,1.0,0.0,0.4878048780487805,"{'v4': {'micro': 0.6097560975609756, 'macro': 0.6395089285714286}, 'v3_legacy': {'micro': 0.6097560975609756, 'macro': 0.6395089285714286}, 'equal': {'micro': 0.6097560975609756, 'macro': 0.6395089285714286}, 'mrr_only': {'micro': 0.6097560975609756, 'macro': 0.6395089285714286}}",212.0,[0.14],COMPLETE
213,0.6395089285714286,2026-07-22 20:24:42.033310,2026-07-22 20:25:52.664051,0 days 00:01:10.630741,800,arctic-l,0.0,0.524577299883803,1,True,0.7286458333333333,0.7073170731707317,0.6765625,0.6890243902439024,0.6395089285714286,0.6097560975609756,0.6395089285714286,0.6097560975609756,0.6395089285714286,0.6097560975609756,0.6395089285714286,0.6097560975609756,0.48,0.6395089285714286,0.5606060606060606,[0.020000000000000018],70.47,1024.0,False,0.5,11198.0,16.0,132.0,False,1.0,0.0,0.4878048780487805,"{'v4': {'micro': 0.6097560975609756, 'macro': 0.6395089285714286}, 'v3_legacy': {'micro': 0.6097560975609756, 'macro': 0.6395089285714286}, 'equal': {'micro': 0.6097560975609756, 'macro': 0.6395089285714286}, 'mrr_only': {'micro': 0.6097560975609756, 'macro': 0.6395089285714286}}",213.0,[0.020000000000000018],COMPLETE
214,0.6305803571428571,2026-07-22 20:25:52.678048,2026-07-22 20:27:31.409693,0 days 00:01:38.731645,800,arctic-l,0.0,0.49110530885563136,1,True,0.7286458333333333,0.7073170731707317,0.6765625,0.6890243902439024,0.6305803571428571,0.5975609756097561,0.6305803571428571,0.5975609756097561,0.6305803571428571,0.5975609756097561,0.6305803571428571,0.5975609756097561,0.36,0.6305803571428571,0.5075757575757576,[0.14],98.57,1024.0,False,0.5,11198.0,16.0,132.0,False,1.0,0.0,0.490389494216661,"{'v4': {'micro': 0.5975609756097561, 'macro': 0.6305803571428571}, 'v3_legacy': {'micro': 0.5975609756097561, 'macro': 0.6305803571428571}, 'equal': {'micro': 0.5975609756097561, 'macro': 0.6305803571428571}, 'mrr_only': {'micro': 0.5975609756097561, 'macro': 0.6305803571428571}}",214.0,[0.14],COMPLETE
215,0.5301339285714286,2026-07-22 20:27:31.423551,2026-07-22 20:29:40.621877,0 days 00:02:09.198326,800,e5-small,0.0,0.5311117997281829,1,True,0.6223958333333334,0.6097560975609756,0.5807291666666666,0.5975609756097561,0.5301339285714286,0.5121951219512195,0.5301339285714286,0.5121951219512195,0.5301339285714286,0.5121951219512195,0.5301339285714286,0.5121951219512195,0.0,0.5301339285714286,0.3181818181818182,[0.5],129.04,384.0,False,0.5,11198.0,16.0,132.0,False,1.0,0.0,0.49985125687607795,"{'v4': {'micro': 0.5121951219512195, 'macro': 0.5301339285714286}, 'v3_legacy': {'micro': 0.5121951219512195, 'macro': 0.5301339285714286}, 'equal': {'micro': 0.5121951219512195, 'macro': 0.5301339285714286}, 'mrr_only': {'micro': 0.5121951219512195, 'macro': 0.5301339285714286}}",215.0,[0.5],COMPLETE
216,0.6024553571428571,2026-07-22 20:29:40.635786,2026-07-22 20:30:46.326312,0 days 00:01:05.690526,800,arctic-l,0.0,0.531415732371986,1,True,0.7161458333333334,0.6951219512195121,0.6640625,0.676829268292683,0.6024553571428571,0.573170731707317,0.6024553571428571,0.573170731707317,0.6024553571428571,0.573170731707317,0.6024553571428571,0.573170731707317,0.52,0.6024553571428571,0.553030303030303,[-0.020000000000000018],65.53,1024.0,True,0.5,11198.0,16.0,132.0,False,1.0,0.0,0.49461706806520117,"{'v4': {'micro': 0.573170731707317, 'macro': 0.6024553571428571}, 'v3_legacy': {'micro': 0.573170731707317, 'macro': 0.6024553571428571}, 'equal': {'micro': 0.573170731707317, 'macro': 0.6024553571428571}, 'mrr_only': {'micro': 0.573170731707317, 'macro': 0.6024553571428571}}",216.0,[-0.020000000000000018],COMPLETE
217,0.6305803571428571,2026-07-22 20:30:46.345005,2026-07-22 20:32:14.476551,0 days 00:01:28.131546,800,arctic-l,0.0,0.5022377380060228,1,True,0.7286458333333333,0.7073170731707317,0.6765625,0.6890243902439024,0.6305803571428571,0.5975609756097561,0.6305803571428571,0.5975609756097561,0.6305803571428571,0.5975609756097561,0.6305803571428571,0.5975609756097561,0.36,0.6305803571428571,0.5075757575757576,[0.14],87.97,1024.0,False,0.5,11198.0,16.0,132.0,False,1.0,0.0,0.490389494216661,"{'v4': {'micro': 0.5975609756097561, 'macro': 0.6305803571428571}, 'v3_legacy': {'micro': 0.5975609756097561, 'macro': 0.6305803571428571}, 'equal': {'micro': 0.5975609756097561, 'macro': 0.6305803571428571}, 'mrr_only': {'micro': 0.5975609756097561, 'macro': 0.6305803571428571}}",217.0,[0.14],COMPLETE
218,0.6024553571428571,2026-07-22 20:32:14.490863,2026-07-22 20:33:15.309661,0 days 00:01:00.818798,800,arctic-l,0.0,0.5329394791775399,1,True,0.7161458333333334,0.6951219512195121,0.6640625,0.676829268292683,0.6024553571428571,0.573170731707317,0.6024553571428571,0.573170731707317,0.6024553571428571,0.573170731707317,0.6024553571428571,0.573170731707317,0.52,0.6024553571428571,0.553030303030303,[-0.020000000000000018],60.66,1024.0,True,0.5,11198.0,16.0,132.0,False,1.0,0.0,0.49461706806520117,"{'v4': {'micro': 0.573170731707317, 'macro': 0.6024553571428571}, 'v3_legacy': {'micro': 0.573170731707317, 'macro': 0.6024553571428571}, 'equal': {'micro': 0.573170731707317, 'macro': 0.6024553571428571}, 'mrr_only': {'micro': 0.573170731707317, 'macro': 0.6024553571428571}}",218.0,[-0.020000000000000018],COMPLETE
219,,2026-07-22 20:33:15.323398,2026-07-22 20:33:23.318984,0 days 00:00:07.995586,800,arctic-l,0.15,0.5387181383736502,1,True,,,,,,,,,,,,,,,,[0.5],,,,,,,,,,,,,,[0.5],PRUNED
220,0.6395089285714286,2026-07-22 20:33:23.327303,2026-07-22 20:34:43.107806,0 days 00:01:19.780503,800,arctic-l,0.0,0.5137522344056122,1,True,0.7286458333333333,0.7073170731707317,0.6765625,0.6890243902439024,0.6395089285714286,0.6097560975609756,0.6395089285714286,0.6097560975609756,0.6395089285714286,0.6097560975609756,0.6395089285714286,0.6097560975609756,0.4,0.6395089285714286,0.5303030303030303,[0.09999999999999998],79.61,1024.0,False,0.5,11198.0,16.0,132.0,False,1.0,0.0,0.4878048780487805,"{'v4': {'micro': 0.6097560975609756, 'macro': 0.6395089285714286}, 'v3_legacy': {'micro': 0.6097560975609756, 'macro': 0.6395089285714286}, 'equal': {'micro': 0.6097560975609756, 'macro': 0.6395089285714286}, 'mrr_only': {'micro': 0.6097560975609756, 'macro': 0.6395089285714286}}",220.0,[0.09999999999999998],COMPLETE
221,0.6024553571428571,2026-07-22 20:34:43.122201,2026-07-22 20:35:46.528530,0 days 00:01:03.406329,800,arctic-l,0.0,0.5309081695575888,1,True,0.7161458333333334,0.6951219512195121,0.6640625,0.676829268292683,0.6024553571428571,0.573170731707317,0.6024553571428571,0.573170731707317,0.6024553571428571,0.573170731707317,0.6024553571428571,0.573170731707317,0.52,0.6024553571428571,0.553030303030303,[-0.020000000000000018],63.24,1024.0,True,0.5,11198.0,16.0,132.0,False,1.0,0.0,0.49461706806520117,"{'v4': {'micro': 0.573170731707317, 'macro': 0.6024553571428571}, 'v3_legacy': {'micro': 0.573170731707317, 'macro': 0.6024553571428571}, 'equal': {'micro': 0.573170731707317, 'macro': 0.6024553571428571}, 'mrr_only': {'micro': 0.573170731707317, 'macro': 0.6024553571428571}}",221.0,[-0.020000000000000018],COMPLETE
222,0.5816220238095238,2026-07-22 20:35:46.542888,2026-07-22 20:36:45.431390,0 days 00:00:58.888502,800,arctic-l,0.0,0.5349951188768961,1,True,0.6953125,0.6707317073170732,0.6432291666666666,0.6524390243902439,0.5816220238095238,0.5487804878048781,0.5816220238095238,0.5487804878048781,0.5816220238095238,0.5487804878048781,0.5816220238095238,0.5487804878048781,0.54,0.5816220238095238,0.5454545454545454,[-0.040000000000000036],58.73,1024.0,True,0.5,11198.0,16.0,132.0,False,1.0,0.0,0.4976147747098333,"{'v4': {'micro': 0.5487804878048781, 'macro': 0.5816220238095238}, 'v3_legacy': {'micro': 0.5487804878048781, 'macro': 0.5816220238095238}, 'equal': {'micro': 0.5487804878048781, 'macro': 0.5816220238095238}, 'mrr_only': {'micro': 0.5487804878048781, 'macro': 0.5816220238095238}}",222.0,[-0.040000000000000036],COMPLETE
223,0.5597470238095238,2026-07-22 20:36:45.445295,2026-07-22 20:37:18.975039,0 days 00:00:33.529744,800,arctic-l,0.0,0.5610701804088666,1,True,0.6415922619047619,0.6097560975609756,0.5895089285714286,0.5914634146341463,0.5597470238095238,0.524390243902439,0.5597470238095238,0.524390243902439,0.5597470238095238,0.524390243902439,0.5597470238095238,0.524390243902439,0.7,0.5597470238095238,0.5909090909090909,[-0.19999999999999996],33.29,1024.0,True,0.5,11198.0,16.0,132.0,False,1.0,0.0,0.4994047616937383,"{'v4': {'micro': 0.524390243902439, 'macro': 0.5597470238095238}, 'v3_legacy': {'micro': 0.524390243902439, 'macro': 0.5597470238095238}, 'equal': {'micro': 0.524390243902439, 'macro': 0.5597470238095238}, 'mrr_only': {'micro': 0.524390243902439, 'macro': 0.5597470238095238}}",223.0,[-0.19999999999999996],COMPLETE
224,0.6395089285714286,2026-07-22 20:37:18.989875,2026-07-22 20:38:35.364647,0 days 00:01:16.374772,800,arctic-l,0.0,0.5189765034410945,1,True,0.7286458333333333,0.7073170731707317,0.6765625,0.6890243902439024,0.6395089285714286,0.6097560975609756,0.6395089285714286,0.6097560975609756,0.6395089285714286,0.6097560975609756,0.6395089285714286,0.6097560975609756,0.46,0.6395089285714286,0.553030303030303,[0.03999999999999998],76.21,1024.0,False,0.5,11198.0,16.0,132.0,False,1.0,0.0,0.4878048780487805,"{'v4': {'micro': 0.6097560975609756, 'macro': 0.6395089285714286}, 'v3_legacy': {'micro': 0.6097560975609756, 'macro': 0.6395089285714286}, 'equal': {'micro': 0.6097560975609756, 'macro': 0.6395089285714286}, 'mrr_only': {'micro': 0.6097560975609756, 'macro': 0.6395089285714286}}",224.0,[0.03999999999999998],COMPLETE
225,0.5816220238095238,2026-07-22 20:38:35.378847,2026-07-22 20:39:28.754539,0 days 00:00:53.375692,800,arctic-l,0.0,0.5404528809014653,1,True,0.6863839285714286,0.6585365853658537,0.6343005952380952,0.6402439024390244,0.5816220238095238,0.5487804878048781,0.5816220238095238,0.5487804878048781,0.5816220238095238,0.5487804878048781,0.5816220238095238,0.5487804878048781,0.58,0.5816220238095238,0.5606060606060606,[-0.07999999999999996],53.22,1024.0,True,0.5,11198.0,16.0,132.0,False,1.0,0.0,0.4976147747098333,"{'v4': {'micro': 0.5487804878048781, 'macro': 0.5816220238095238}, 'v3_legacy': {'micro': 0.5487804878048781, 'macro': 0.5816220238095238}, 'equal': {'micro': 0.5487804878048781, 'macro': 0.5816220238095238}, 'mrr_only': {'micro': 0.5487804878048781, 'macro': 0.5816220238095238}}",225.0,[-0.07999999999999996],COMPLETE
226,0.5576636904761905,2026-07-22 20:39:28.768521,2026-07-22 20:40:01.647416,0 days 00:00:32.878895,800,arctic-l,0.0,0.562051774805918,1,True,0.6395089285714286,0.6097560975609756,0.5874255952380952,0.5914634146341463,0.5576636904761905,0.524390243902439,0.5576636904761905,0.524390243902439,0.5576636904761905,0.524390243902439,0.5576636904761905,0.524390243902439,0.7,0.5576636904761905,0.5909090909090909,[-0.19999999999999996],32.72,1024.0,True,0.5,11198.0,16.0,132.0,False,1.0,0.0,0.4994047616937383,"{'v4': {'micro': 0.524390243902439, 'macro': 0.5576636904761905}, 'v3_legacy': {'micro': 0.524390243902439, 'macro': 0.5576636904761905}, 'equal': {'micro': 0.524390243902439, 'macro': 0.5576636904761905}, 'mrr_only': {'micro': 0.524390243902439, 'macro': 0.5576636904761905}}",226.0,[-0.19999999999999996],COMPLETE
227,0.6395089285714286,2026-07-22 20:40:01.661063,2026-07-22 20:41:26.765295,0 days 00:01:25.104232,800,arctic-l,0.0,0.5060499643093991,1,True,0.7286458333333333,0.7073170731707317,0.6765625,0.6890243902439024,0.6395089285714286,0.6097560975609756,0.6395089285714286,0.6097560975609756,0.6395089285714286,0.6097560975609756,0.6395089285714286,0.6097560975609756,0.36,0.6395089285714286,0.5151515151515151,[0.14],84.9,1024.0,False,0.5,11198.0,16.0,132.0,False,1.0,0.0,0.4878048780487805,"{'v4': {'micro': 0.6097560975609756, 'macro': 0.6395089285714286}, 'v3_legacy': {'micro': 0.6097560975609756, 'macro': 0.6395089285714286}, 'equal': {'micro': 0.6097560975609756, 'macro': 0.6395089285714286}, 'mrr_only': {'micro': 0.6097560975609756, 'macro': 0.6395089285714286}}",227.0,[0.14],COMPLETE
228,,2026-07-22 20:41:26.780623,2026-07-22 20:41:34.567240,0 days 00:00:07.786617,800,e5-large,0.0,0.527731808478205,1,True,,,,,,,,,,,,,,,,[0.5],,,,,,,,,,,,,,[0.5],PRUNED
229,0.5941220238095238,2026-07-22 20:41:34.578538,2026-07-22 20:42:22.568595,0 days 00:00:47.990057,800,arctic-l,0.0,0.5464511868842428,1,True,0.6863839285714286,0.6585365853658537,0.6343005952380952,0.6402439024390244,0.5941220238095238,0.5609756097560976,0.5941220238095238,0.5609756097560976,0.5941220238095238,0.5609756097560976,0.5941220238095238,0.5609756097560976,0.58,0.5941220238095238,0.5681818181818182,[-0.07999999999999996],47.76,1024.0,True,0.5,11198.0,16.0,132.0,False,1.0,0.0,0.4962680475457513,"{'v4': {'micro': 0.5609756097560976, 'macro': 0.5941220238095238}, 'v3_legacy': {'micro': 0.5609756097560976, 'macro': 0.5941220238095238}, 'equal': {'micro': 0.5609756097560976, 'macro': 0.5941220238095238}, 'mrr_only': {'micro': 0.5609756097560976, 'macro': 0.5941220238095238}}",229.0,[-0.07999999999999996],COMPLETE
230,0.5680803571428571,2026-07-22 20:42:22.584124,2026-07-22 20:42:44.788398,0 days 00:00:22.204274,800,arctic-l,0.0,0.575072545585896,1,True,0.6499255952380952,0.6219512195121951,0.5978422619047619,0.6036585365853658,0.5680803571428571,0.5365853658536586,0.5680803571428571,0.5365853658536586,0.5680803571428571,0.5365853658536586,0.5680803571428571,0.5365853658536586,0.76,0.5680803571428571,0.6212121212121212,[-0.26],21.99,1024.0,True,0.5,11198.0,16.0,132.0,False,1.0,0.0,0.49865971464050907,"{'v4': {'micro': 0.5365853658536586, 'macro': 0.5680803571428571}, 'v3_legacy': {'micro': 0.5365853658536586, 'macro': 0.5680803571428571}, 'equal': {'micro': 0.5365853658536586, 'macro': 0.5680803571428571}, 'mrr_only': {'micro': 0.5365853658536586, 'macro': 0.5680803571428571}}",230.0,[-0.26],COMPLETE
231,0.5941220238095238,2026-07-22 20:42:44.803522,2026-07-22 20:43:32.260651,0 days 00:00:47.457129,800,arctic-l,0.0,0.5466959162132778,1,True,0.6863839285714286,0.6585365853658537,0.6343005952380952,0.6402439024390244,0.5941220238095238,0.5609756097560976,0.5941220238095238,0.5609756097560976,0.5941220238095238,0.5609756097560976,0.5941220238095238,0.5609756097560976,0.58,0.5941220238095238,0.5681818181818182,[-0.07999999999999996],47.21,1024.0,True,0.5,11198.0,16.0,132.0,False,1.0,0.0,0.4962680475457513,"{'v4': {'micro': 0.5609756097560976, 'macro': 0.5941220238095238}, 'v3_legacy': {'micro': 0.5609756097560976, 'macro': 0.5941220238095238}, 'equal': {'micro': 0.5609756097560976, 'macro': 0.5941220238095238}, 'mrr_only': {'micro': 0.5609756097560976, 'macro': 0.5941220238095238}}",231.0,[-0.07999999999999996],COMPLETE
232,0.5941220238095238,2026-07-22 20:43:32.276677,2026-07-22 20:44:16.309892,0 days 00:00:44.033215,800,arctic-l,0.0,0.5497303263638645,1,True,0.6863839285714286,0.6585365853658537,0.6343005952380952,0.6402439024390244,0.5941220238095238,0.5609756097560976,0.5941220238095238,0.5609756097560976,0.5941220238095238,0.5609756097560976,0.5941220238095238,0.5609756097560976,0.58,0.5941220238095238,0.5681818181818182,[-0.07999999999999996],43.81,1024.0,True,0.5,11198.0,16.0,132.0,False,1.0,0.0,0.4962680475457513,"{'v4': {'micro': 0.5609756097560976, 'macro': 0.5941220238095238}, 'v3_legacy': {'micro': 0.5609756097560976, 'macro': 0.5941220238095238}, 'equal': {'micro': 0.5609756097560976, 'macro': 0.5941220238095238}, 'mrr_only': {'micro': 0.5609756097560976, 'macro': 0.5941220238095238}}",232.0,[-0.07999999999999996],COMPLETE
233,0.5837053571428571,2026-07-22 20:44:16.325585,2026-07-22 20:44:59.448117,0 days 00:00:43.122532,800,arctic-l,0.0,0.5510639074495409,1,True,0.6759672619047619,0.6463414634146342,0.6238839285714286,0.6280487804878049,0.5837053571428571,0.5487804878048781,0.5837053571428571,0.5487804878048781,0.5837053571428571,0.5487804878048781,0.5837053571428571,0.5487804878048781,0.6,0.5837053571428571,0.5681818181818182,[-0.09999999999999998],42.9,1024.0,True,0.5,11198.0,16.0,132.0,False,1.0,0.0,0.4976147747098333,"{'v4': {'micro': 0.5487804878048781, 'macro': 0.5837053571428571}, 'v3_legacy': {'micro': 0.5487804878048781, 'macro': 0.5837053571428571}, 'equal': {'micro': 0.5487804878048781, 'macro': 0.5837053571428571}, 'mrr_only': {'micro': 0.5487804878048781, 'macro': 0.5837053571428571}}",233.0,[-0.09999999999999998],COMPLETE
234,0.5576636904761905,2026-07-22 20:44:59.463940,2026-07-22 20:45:30.930159,0 days 00:00:31.466219,800,arctic-l,0.0,0.5637757011342671,1,True,0.6395089285714286,0.6097560975609756,0.5874255952380952,0.5914634146341463,0.5576636904761905,0.524390243902439,0.5576636904761905,0.524390243902439,0.5576636904761905,0.524390243902439,0.5576636904761905,0.524390243902439,0.7,0.5576636904761905,0.5909090909090909,[-0.19999999999999996],31.26,1024.0,True,0.5,11198.0,16.0,132.0,False,1.0,0.0,0.4994047616937383,"{'v4': {'micro': 0.524390243902439, 'macro': 0.5576636904761905}, 'v3_legacy': {'micro': 0.524390243902439, 'macro': 0.5576636904761905}, 'equal': {'micro': 0.524390243902439, 'macro': 0.5576636904761905}, 'mrr_only': {'micro': 0.524390243902439, 'macro': 0.5576636904761905}}",234.0,[-0.19999999999999996],COMPLETE
235,0.5941220238095238,2026-07-22 20:45:30.945240,2026-07-22 20:46:16.962063,0 days 00:00:46.016823,800,arctic-l,0.0,0.5481540089772894,1,True,0.6863839285714286,0.6585365853658537,0.6343005952380952,0.6402439024390244,0.5941220238095238,0.5609756097560976,0.5941220238095238,0.5609756097560976,0.5941220238095238,0.5609756097560976,0.5941220238095238,0.5609756097560976,0.58,0.5941220238095238,0.5681818181818182,[-0.07999999999999996],45.81,1024.0,True,0.5,11198.0,16.0,132.0,False,1.0,0.0,0.4962680475457513,"{'v4': {'micro': 0.5609756097560976, 'macro': 0.5941220238095238}, 'v3_legacy': {'micro': 0.5609756097560976, 'macro': 0.5941220238095238}, 'equal': {'micro': 0.5609756097560976, 'macro': 0.5941220238095238}, 'mrr_only': {'micro': 0.5609756097560976, 'macro': 0.5941220238095238}}",235.0,[-0.07999999999999996],COMPLETE
236,0.4466517857142857,2026-07-22 20:46:16.977684,2026-07-22 20:46:19.653623,0 days 00:00:02.675939,800,arctic-l,0.0,0.5396883205631189,1,False,0.5936011904761904,0.5487804878048781,0.5415178571428572,0.5304878048780488,0.44821428571428573,0.4024390243902439,0.44821428571428573,0.4024390243902439,0.44821428571428573,0.4024390243902439,0.43779761904761905,0.39634146341463417,0.58,0.4466517857142857,0.46856060606060607,[-0.07999999999999996],2.46,1024.0,True,0.5,11198.0,16.0,132.0,False,1.0,0.0,0.48934294487383684,"{'v4': {'micro': 0.4015243902439024, 'macro': 0.4466517857142857}, 'v3_legacy': {'micro': 0.400609756097561, 'macro': 0.4450892857142857}, 'equal': {'micro': 0.4004065040650407, 'macro': 0.44474206349206347}, 'mrr_only': {'micro': 0.4024390243902439, 'macro': 0.44821428571428573}}",236.0,[-0.07999999999999996],COMPLETE
237,,2026-07-22 20:46:19.668980,2026-07-22 20:46:27.695753,0 days 00:00:08.026773,800,arctic-l,0.3,0.5736740538034395,1,True,,,,,,,,,,,,,,,,[0.5],,,,,,,,,,,,,,[0.5],PRUNED
238,0.5139136904761905,2026-07-22 20:46:27.704188,2026-07-22 20:46:59.081269,0 days 00:00:31.377081,256,arctic-l,0.0,0.5551052063154792,1,True,0.7202380952380952,0.7195121951219512,0.6785714285714286,0.7073170731707317,0.5139136904761905,0.524390243902439,0.5139136904761905,0.524390243902439,0.5139136904761905,0.524390243902439,0.5139136904761905,0.524390243902439,0.6,0.5139136904761905,0.553030303030303,[-0.09999999999999998],31.12,1024.0,True,0.5,28876.0,16.0,132.0,False,1.0,0.0,0.4994047616937383,"{'v4': {'micro': 0.524390243902439, 'macro': 0.5139136904761905}, 'v3_legacy': {'micro': 0.524390243902439, 'macro': 0.5139136904761905}, 'equal': {'micro': 0.524390243902439, 'macro': 0.5139136904761905}, 'mrr_only': {'micro': 0.524390243902439, 'macro': 0.5139136904761905}}",238.0,[-0.09999999999999998],COMPLETE
239,0.6395089285714286,2026-07-22 20:46:59.099027,2026-07-22 20:48:09.907442,0 days 00:01:10.808415,800,arctic-l,0.0,0.5250307406573581,1,True,0.7286458333333333,0.7073170731707317,0.6765625,0.6890243902439024,0.6395089285714286,0.6097560975609756,0.6395089285714286,0.6097560975609756,0.6395089285714286,0.6097560975609756,0.6395089285714286,0.6097560975609756,0.48,0.6395089285714286,0.5606060606060606,[0.020000000000000018],70.58,1024.0,False,0.5,11198.0,16.0,132.0,False,1.0,0.0,0.4878048780487805,"{'v4': {'micro': 0.6097560975609756, 'macro': 0.6395089285714286}, 'v3_legacy': {'micro': 0.6097560975609756, 'macro': 0.6395089285714286}, 'equal': {'micro': 0.6097560975609756, 'macro': 0.6395089285714286}, 'mrr_only': {'micro': 0.6097560975609756, 'macro': 0.6395089285714286}}",239.0,[0.020000000000000018],COMPLETE
240,,2026-07-22 20:48:09.927364,2026-07-22 20:48:17.652607,0 days 00:00:07.725243,800,bge-m3,0.0,0.5395725895573162,1,True,,,,,,,,,,,,,,,,[0.5],,,,,,,,,,,,,,[0.5],PRUNED
241,0.5941220238095238,2026-07-22 20:48:17.662395,2026-07-22 20:49:07.905077,0 days 00:00:50.242682,800,arctic-l,0.0,0.5439921876924786,1,True,0.6863839285714286,0.6585365853658537,0.6343005952380952,0.6402439024390244,0.5941220238095238,0.5609756097560976,0.5941220238095238,0.5609756097560976,0.5941220238095238,0.5609756097560976,0.5941220238095238,0.5609756097560976,0.58,0.5941220238095238,0.5681818181818182,[-0.07999999999999996],50.02,1024.0,True,0.5,11198.0,16.0,132.0,False,1.0,0.0,0.4962680475457513,"{'v4': {'micro': 0.5609756097560976, 'macro': 0.5941220238095238}, 'v3_legacy': {'micro': 0.5609756097560976, 'macro': 0.5941220238095238}, 'equal': {'micro': 0.5609756097560976, 'macro': 0.5941220238095238}, 'mrr_only': {'micro': 0.5609756097560976, 'macro': 0.5941220238095238}}",241.0,[-0.07999999999999996],COMPLETE
242,0.5962053571428572,2026-07-22 20:49:07.921527,2026-07-22 20:49:45.909122,0 days 00:00:37.987595,800,arctic-l,0.0,0.5564159326687252,1,True,0.6884672619047619,0.6585365853658537,0.6363839285714286,0.6402439024390244,0.5962053571428572,0.5609756097560976,0.5962053571428572,0.5609756097560976,0.5962053571428572,0.5609756097560976,0.5962053571428572,0.5609756097560976,0.62,0.5962053571428572,0.5833333333333334,[-0.12],37.77,1024.0,True,0.5,11198.0,16.0,132.0,False,1.0,0.0,0.4962680475457513,"{'v4': {'micro': 0.5609756097560976, 'macro': 0.5962053571428572}, 'v3_legacy': {'micro': 0.5609756097560976, 'macro': 0.5962053571428572}, 'equal': {'micro': 0.5609756097560976, 'macro': 0.5962053571428572}, 'mrr_only': {'micro': 0.5609756097560976, 'macro': 0.5962053571428572}}",242.0,[-0.12],COMPLETE
243,0.5576636904761905,2026-07-22 20:49:45.924341,2026-07-22 20:50:15.736639,0 days 00:00:29.812298,800,arctic-l,0.0,0.5652068002958796,1,True,0.6395089285714286,0.6097560975609756,0.5874255952380952,0.5914634146341463,0.5576636904761905,0.524390243902439,0.5576636904761905,0.524390243902439,0.5576636904761905,0.524390243902439,0.5576636904761905,0.524390243902439,0.7,0.5576636904761905,0.5909090909090909,[-0.19999999999999996],29.59,1024.0,True,0.5,11198.0,16.0,132.0,False,1.0,0.0,0.4994047616937383,"{'v4': {'micro': 0.524390243902439, 'macro': 0.5576636904761905}, 'v3_legacy': {'micro': 0.524390243902439, 'macro': 0.5576636904761905}, 'equal': {'micro': 0.524390243902439, 'macro': 0.5576636904761905}, 'mrr_only': {'micro': 0.524390243902439, 'macro': 0.5576636904761905}}",243.0,[-0.19999999999999996],COMPLETE
244,0.5621279761904762,2026-07-22 20:50:15.752382,2026-07-22 20:50:32.296221,0 days 00:00:16.543839,800,arctic-l,0.0,0.5875844386718273,1,True,0.6335565476190477,0.6097560975609756,0.5814732142857143,0.5914634146341463,0.5621279761904762,0.5365853658536586,0.5621279761904762,0.5365853658536586,0.5621279761904762,0.5365853658536586,0.5621279761904762,0.5365853658536586,0.82,0.5621279761904762,0.6439393939393939,[-0.31999999999999995],16.33,1024.0,True,0.5,11198.0,16.0,132.0,False,1.0,0.0,0.49865971464050907,"{'v4': {'micro': 0.5365853658536586, 'macro': 0.5621279761904762}, 'v3_legacy': {'micro': 0.5365853658536586, 'macro': 0.5621279761904762}, 'equal': {'micro': 0.5365853658536586, 'macro': 0.5621279761904762}, 'mrr_only': {'micro': 0.5365853658536586, 'macro': 0.5621279761904762}}",244.0,[-0.31999999999999995],COMPLETE
245,0.5962053571428572,2026-07-22 20:50:32.312549,2026-07-22 20:51:10.428624,0 days 00:00:38.116075,800,arctic-l,0.0,0.5563970983260778,1,True,0.6884672619047619,0.6585365853658537,0.6363839285714286,0.6402439024390244,0.5962053571428572,0.5609756097560976,0.5962053571428572,0.5609756097560976,0.5962053571428572,0.5609756097560976,0.5962053571428572,0.5609756097560976,0.62,0.5962053571428572,0.5833333333333334,[-0.12],37.9,1024.0,True,0.5,11198.0,16.0,132.0,False,1.0,0.0,0.4962680475457513,"{'v4': {'micro': 0.5609756097560976, 'macro': 0.5962053571428572}, 'v3_legacy': {'micro': 0.5609756097560976, 'macro': 0.5962053571428572}, 'equal': {'micro': 0.5609756097560976, 'macro': 0.5962053571428572}, 'mrr_only': {'micro': 0.5609756097560976, 'macro': 0.5962053571428572}}",245.0,[-0.12],COMPLETE
246,,2026-07-22 20:51:10.443780,2026-07-22 20:51:21.105141,0 days 00:00:10.661361,1024,arctic-l,0.0,0.5752781075898172,1,True,,,,,,,,,,,,,,,,[0.5],,,,,,,,,,,,,,[0.5],PRUNED
247,0.6395089285714286,2026-07-22 20:51:21.114983,2026-07-22 20:52:38.833929,0 days 00:01:17.718946,800,arctic-l,0.0,0.5174536674753185,1,True,0.7286458333333333,0.7073170731707317,0.6765625,0.6890243902439024,0.6395089285714286,0.6097560975609756,0.6395089285714286,0.6097560975609756,0.6395089285714286,0.6097560975609756,0.6395089285714286,0.6097560975609756,0.44,0.6395089285714286,0.5454545454545454,[0.06],77.53,1024.0,False,0.5,11198.0,16.0,132.0,False,1.0,0.0,0.4878048780487805,"{'v4': {'micro': 0.6097560975609756, 'macro': 0.6395089285714286}, 'v3_legacy': {'micro': 0.6097560975609756, 'macro': 0.6395089285714286}, 'equal': {'micro': 0.6097560975609756, 'macro': 0.6395089285714286}, 'mrr_only': {'micro': 0.6097560975609756, 'macro': 0.6395089285714286}}",247.0,[0.06],COMPLETE
248,0.5646968005952382,2026-07-22 20:52:38.848454,2026-07-22 20:53:15.079775,0 days 00:00:36.231321,800,arctic-l,0.0,0.5584014353277987,3,True,0.7192832341269841,0.693089430894309,0.7327380952380952,0.7439024390243902,0.6261532738095238,0.6036585365853658,0.673552066638769,0.6549034975174263,0.3933035714285714,0.3597560975609756,0.6821428571428572,0.6707317073170732,0.64,0.5646968005952382,0.5844696969696969,[-0.14],36.06,1024.0,True,0.5,11198.0,16.0,132.0,False,1.0,0.0,0.39900104384113794,"{'v4': {'micro': 0.5405487804878049, 'macro': 0.5646968005952382}, 'v3_legacy': {'micro': 0.5506097560975609, 'macro': 0.5730952380952381}, 'equal': {'micro': 0.5447154471544715, 'macro': 0.5671999007936508}, 'mrr_only': {'micro': 0.6036585365853658, 'macro': 0.6261532738095238}}",248.0,[-0.14],COMPLETE
249,0.5816220238095238,2026-07-22 20:53:15.093862,2026-07-22 20:54:13.467092,0 days 00:00:58.373230,800,arctic-l,0.0,0.5368821751025057,1,True,0.6953125,0.6707317073170732,0.6432291666666666,0.6524390243902439,0.5816220238095238,0.5487804878048781,0.5816220238095238,0.5487804878048781,0.5816220238095238,0.5487804878048781,0.5816220238095238,0.5487804878048781,0.56,0.5816220238095238,0.553030303030303,[-0.06000000000000005],58.2,1024.0,True,0.5,11198.0,16.0,132.0,False,1.0,0.0,0.4976147747098333,"{'v4': {'micro': 0.5487804878048781, 'macro': 0.5816220238095238}, 'v3_legacy': {'micro': 0.5487804878048781, 'macro': 0.5816220238095238}, 'equal': {'micro': 0.5487804878048781, 'macro': 0.5816220238095238}, 'mrr_only': {'micro': 0.5487804878048781, 'macro': 0.5816220238095238}}",249.0,[-0.06000000000000005],COMPLETE
250,0.375,2026-07-22 20:54:13.481203,2026-07-22 20:54:35.922636,0 days 00:00:22.441433,800,miniLM,0.0,0.5629594668436799,1,True,0.4833333333333333,0.5,0.4583333333333333,0.46875,0.33333333333333337,0.375,0.33333333333333337,0.375,0.33333333333333337,0.375,0.33333333333333337,0.375,0.0,0.33333333333333337,0.25,[0.5],22.27,384.0,False,0.5,11198.0,10.0,24.0,True,1.0,0.0,0.4841229182759271,"{'v4': {'micro': 0.375, 'macro': 0.33333333333333337}, 'v3_legacy': {'micro': 0.375, 'macro': 0.33333333333333337}, 'equal': {'micro': 0.375, 'macro': 0.33333333333333337}, 'mrr_only': {'micro': 0.375, 'macro': 0.33333333333333337}}",250.0,[0.5],PRUNED
251,,2026-07-22 20:54:35.931951,2026-07-22 20:57:10.743851,0 days 00:02:34.811900,800,e5-base,0.4,0.7951649474017736,5,True,,,,,,,,,,,,,,,,[0.5],,,,,,,,,,,,,,[0.5],PRUNED
252,,2026-07-22 20:57:10.753559,2026-07-22 20:58:49.299611,0 days 00:01:38.546052,512,arctic-l,0.0,0.5242742725112544,1,True,,,,,,,,,,,,,,,,[0.5],,,,,,,,,,,,,,[0.5],PRUNED
253,,2026-07-22 20:58:49.308663,2026-07-22 20:58:49.505620,0 days 00:00:00.196957,800,arctic-l,0.25,0.5849821469337275,4,True,,,,,,,,,,,,,,,,[0.5],,,,,,,,,,,,,,[0.5],PRUNED
254,0.6395089285714286,2026-07-22 20:58:49.514986,2026-07-22 21:00:14.312783,0 days 00:01:24.797797,800,arctic-l,0.0,0.5080462848374464,1,True,0.7286458333333333,0.7073170731707317,0.6765625,0.6890243902439024,0.6395089285714286,0.6097560975609756,0.6395089285714286,0.6097560975609756,0.6395089285714286,0.6097560975609756,0.6395089285714286,0.6097560975609756,0.36,0.6395089285714286,0.5151515151515151,[0.14],84.63,1024.0,False,0.5,11198.0,16.0,132.0,False,1.0,0.0,0.4878048780487805,"{'v4': {'micro': 0.6097560975609756, 'macro': 0.6395089285714286}, 'v3_legacy': {'micro': 0.6097560975609756, 'macro': 0.6395089285714286}, 'equal': {'micro': 0.6097560975609756, 'macro': 0.6395089285714286}, 'mrr_only': {'micro': 0.6097560975609756, 'macro': 0.6395089285714286}}",254.0,[0.14],COMPLETE
255,0.5816220238095238,2026-07-22 21:00:14.326404,2026-07-22 21:01:08.452988,0 days 00:00:54.126584,800,arctic-l,0.0,0.5400724467526049,1,True,0.6863839285714286,0.6585365853658537,0.6343005952380952,0.6402439024390244,0.5816220238095238,0.5487804878048781,0.5816220238095238,0.5487804878048781,0.5816220238095238,0.5487804878048781,0.5816220238095238,0.5487804878048781,0.58,0.5816220238095238,0.5606060606060606,[-0.07999999999999996],53.96,1024.0,True,0.5,11198.0,16.0,132.0,False,1.0,0.0,0.4976147747098333,"{'v4': {'micro': 0.5487804878048781, 'macro': 0.5816220238095238}, 'v3_legacy': {'micro': 0.5487804878048781, 'macro': 0.5816220238095238}, 'equal': {'micro': 0.5487804878048781, 'macro': 0.5816220238095238}, 'mrr_only': {'micro': 0.5487804878048781, 'macro': 0.5816220238095238}}",255.0,[-0.07999999999999996],COMPLETE
256,0.5701636904761904,2026-07-22 21:01:08.467451,2026-07-22 21:01:46.281495,0 days 00:00:37.814044,800,arctic-l,0.0,0.5570506010856762,1,True,0.6780505952380952,0.6463414634146342,0.6259672619047619,0.6280487804878049,0.5701636904761904,0.5365853658536586,0.5701636904761904,0.5365853658536586,0.5701636904761904,0.5365853658536586,0.5701636904761904,0.5365853658536586,0.62,0.5701636904761904,0.5681818181818182,[-0.12],37.66,1024.0,True,0.5,11198.0,16.0,132.0,False,1.0,0.0,0.49865971464050907,"{'v4': {'micro': 0.5365853658536586, 'macro': 0.5701636904761904}, 'v3_legacy': {'micro': 0.5365853658536586, 'macro': 0.5701636904761904}, 'equal': {'micro': 0.5365853658536586, 'macro': 0.5701636904761904}, 'mrr_only': {'micro': 0.5365853658536586, 'macro': 0.5701636904761904}}",256.0,[-0.12],COMPLETE
257,0.554148685515873,2026-07-22 21:01:46.295820,2026-07-22 21:02:55.269416,0 days 00:01:08.973596,800,arctic-l,0.0,0.5290887686524902,10,True,0.7809895833333333,0.7666666666666667,0.8770833333333333,0.8780487804878049,0.6773685515873016,0.6560975609756097,0.740222746342766,0.7297231629012871,0.21216517857142855,0.19775454897406117,0.7863095238095238,0.7682926829268293,0.52,0.554148685515873,0.5400360750360751,[-0.020000000000000018],68.81,1024.0,True,0.5,11198.0,16.0,132.0,False,1.0,0.0,0.3291686241483346,"{'v4': {'micro': 0.5354239256678281, 'macro': 0.554148685515873}, 'v3_legacy': {'micro': 0.552253193960511, 'macro': 0.5704898313492064}, 'equal': {'micro': 0.5407149309588334, 'macro': 0.5586144179894179}, 'mrr_only': {'micro': 0.6560975609756097, 'macro': 0.6773685515873016}}",257.0,[-0.020000000000000018],COMPLETE
258,0.527027027027027,2026-07-22 21:02:55.283773,2026-07-22 21:04:55.155686,0 days 00:01:59.871913,800,e5-small,0.0,0.5705636741200423,1,True,0.6126984126984126,0.6216216216216216,0.6015873015873016,0.6148648648648649,0.5231746031746032,0.527027027027027,0.5231746031746032,0.527027027027027,0.5231746031746032,0.527027027027027,0.5231746031746032,0.527027027027027,0.0,0.5231746031746032,0.325,[0.5],119.7,384.0,False,0.5,11198.0,15.0,120.0,True,1.0,0.0,0.49926900545705855,"{'v4': {'micro': 0.527027027027027, 'macro': 0.5231746031746032}, 'v3_legacy': {'micro': 0.527027027027027, 'macro': 0.5231746031746032}, 'equal': {'micro': 0.527027027027027, 'macro': 0.5231746031746032}, 'mrr_only': {'micro': 0.527027027027027, 'macro': 0.5231746031746032}}",258.0,[0.5],PRUNED
259,0.5941220238095238,2026-07-22 21:04:55.166466,2026-07-22 21:05:45.570548,0 days 00:00:50.404082,800,arctic-l,0.0,0.5471599450406281,1,True,0.6863839285714286,0.6585365853658537,0.6343005952380952,0.6402439024390244,0.5941220238095238,0.5609756097560976,0.5941220238095238,0.5609756097560976,0.5941220238095238,0.5609756097560976,0.5941220238095238,0.5609756097560976,0.58,0.5941220238095238,0.5681818181818182,[-0.07999999999999996],50.24,1024.0,True,0.5,11198.0,16.0,132.0,False,1.0,0.0,0.4962680475457513,"{'v4': {'micro': 0.5609756097560976, 'macro': 0.5941220238095238}, 'v3_legacy': {'micro': 0.5609756097560976, 'macro': 0.5941220238095238}, 'equal': {'micro': 0.5609756097560976, 'macro': 0.5941220238095238}, 'mrr_only': {'micro': 0.5609756097560976, 'macro': 0.5941220238095238}}",259.0,[-0.07999999999999996],COMPLETE
260,,2026-07-22 21:05:45.585916,2026-07-22 21:05:53.736677,0 days 00:00:08.150761,800,arctic-l,0.15,0.5151272948101165,1,False,,,,,,,,,,,,,,,,[0.5],,,,,,,,,,,,,,[0.5],PRUNED
261,0.5936154513888889,2026-07-22 21:05:53.745090,2026-07-22 21:07:41.529100,0 days 00:01:47.784010,800,arctic-l,0.0,0.49353072415951726,3,True,0.7839409722222223,0.7682926829268293,0.7958333333333334,0.8170731707317073,0.7029141865079365,0.6808943089430894,0.7304505312786613,0.7308339168531691,0.29398561507936505,0.2926829268292683,0.7921130952380953,0.7804878048780488,0.36,0.5936154513888889,0.5055555555555555,[0.14],107.6,1024.0,False,0.5,11198.0,16.0,132.0,False,1.0,0.0,0.33052225655187756,"{'v4': {'micro': 0.579369918699187, 'macro': 0.5936154513888889}, 'v3_legacy': {'micro': 0.5943089430894308, 'macro': 0.6069952876984127}, 'equal': {'micro': 0.5846883468834688, 'macro': 0.5963376322751323}, 'mrr_only': {'micro': 0.6808943089430894, 'macro': 0.7029141865079365}}",261.0,[0.14],COMPLETE
262,0.6024553571428571,2026-07-22 21:07:41.543889,2026-07-22 21:08:45.253073,0 days 00:01:03.709184,800,arctic-l,0.0,0.5313977139011301,1,True,0.7161458333333334,0.6951219512195121,0.6640625,0.676829268292683,0.6024553571428571,0.573170731707317,0.6024553571428571,0.573170731707317,0.6024553571428571,0.573170731707317,0.6024553571428571,0.573170731707317,0.52,0.6024553571428571,0.553030303030303,[-0.020000000000000018],63.54,1024.0,True,0.5,11198.0,16.0,132.0,False,1.0,0.0,0.49461706806520117,"{'v4': {'micro': 0.573170731707317, 'macro': 0.6024553571428571}, 'v3_legacy': {'micro': 0.573170731707317, 'macro': 0.6024553571428571}, 'equal': {'micro': 0.573170731707317, 'macro': 0.6024553571428571}, 'mrr_only': {'micro': 0.573170731707317, 'macro': 0.6024553571428571}}",262.0,[-0.020000000000000018],COMPLETE
263,0.6305803571428571,2026-07-22 21:08:45.267012,2026-07-22 21:09:54.989959,0 days 00:01:09.722947,800,arctic-l,0.0,0.526437645945287,1,True,0.7286458333333333,0.7073170731707317,0.6765625,0.6890243902439024,0.6305803571428571,0.5975609756097561,0.6305803571428571,0.5975609756097561,0.6305803571428571,0.5975609756097561,0.6305803571428571,0.5975609756097561,0.5,0.6305803571428571,0.5606060606060606,[0.0],69.56,1024.0,True,0.5,11198.0,16.0,132.0,False,1.0,0.0,0.490389494216661,"{'v4': {'micro': 0.5975609756097561, 'macro': 0.6305803571428571}, 'v3_legacy': {'micro': 0.5975609756097561, 'macro': 0.6305803571428571}, 'equal': {'micro': 0.5975609756097561, 'macro': 0.6305803571428571}, 'mrr_only': {'micro': 0.5975609756097561, 'macro': 0.6305803571428571}}",263.0,[0.0],COMPLETE
264,0.6395089285714286,2026-07-22 21:09:55.003857,2026-07-22 21:11:15.802495,0 days 00:01:20.798638,800,arctic-l,0.0,0.5136122564773566,1,True,0.7286458333333333,0.7073170731707317,0.6765625,0.6890243902439024,0.6395089285714286,0.6097560975609756,0.6395089285714286,0.6097560975609756,0.6395089285714286,0.6097560975609756,0.6395089285714286,0.6097560975609756,0.4,0.6395089285714286,0.5303030303030303,[0.09999999999999998],80.61,1024.0,False,0.5,11198.0,16.0,132.0,False,1.0,0.0,0.4878048780487805,"{'v4': {'micro': 0.6097560975609756, 'macro': 0.6395089285714286}, 'v3_legacy': {'micro': 0.6097560975609756, 'macro': 0.6395089285714286}, 'equal': {'micro': 0.6097560975609756, 'macro': 0.6395089285714286}, 'mrr_only': {'micro': 0.6097560975609756, 'macro': 0.6395089285714286}}",264.0,[0.09999999999999998],COMPLETE
265,0.5588280009920635,2026-07-22 21:11:15.816442,2026-07-22 21:12:19.600976,0 days 00:01:03.784534,800,arctic-l,0.0,0.5330284536246109,5,True,0.7714409722222222,0.7585365853658537,0.8458333333333333,0.8475609756097561,0.6674727182539683,0.6487804878048781,0.7201805109093641,0.7130018892561163,0.2641344246031746,0.25934959349593495,0.7498511904761904,0.7439024390243902,0.52,0.5588280009920635,0.545151515151515,[-0.020000000000000018],63.62,1024.0,True,0.5,11198.0,16.0,132.0,False,1.0,0.0,0.35037804290880953,"{'v4': {'micro': 0.546219512195122, 'macro': 0.5588280009920635}, 'v3_legacy': {'micro': 0.5604878048780488, 'macro': 0.5711847718253968}, 'equal': {'micro': 0.5506775067750677, 'macro': 0.560486111111111}, 'mrr_only': {'micro': 0.6487804878048781, 'macro': 0.6674727182539683}}",265.0,[-0.020000000000000018],COMPLETE
266,0.49828869047619045,2026-07-22 21:12:19.614949,2026-07-22 21:27:27.717003,0 days 00:15:08.102054,256,e5-large,0.3,0.4776716288369082,1,True,0.6666666666666666,0.6707317073170732,0.625,0.6585365853658537,0.49828869047619045,0.5,0.49828869047619045,0.5,0.49828869047619045,0.5,0.49828869047619045,0.5,0.0,0.49828869047619045,0.3106060606060606,[0.5],907.91,1024.0,False,0.5,30913.0,16.0,132.0,False,1.0,0.0,0.5,"{'v4': {'micro': 0.5, 'macro': 0.49828869047619045}, 'v3_legacy': {'micro': 0.5, 'macro': 0.49828869047619045}, 'equal': {'micro': 0.5, 'macro': 0.49828869047619045}, 'mrr_only': {'micro': 0.5, 'macro': 0.49828869047619045}}",266.0,[0.5],COMPLETE
267,0.6114006696428572,2026-07-22 21:27:27.733076,2026-07-22 21:29:04.079311,0 days 00:01:36.346235,800,arctic-l,0.0,0.5036220967493079,2,True,0.7690104166666667,0.7560975609756098,0.7572916666666667,0.7804878048780488,0.6920758928571429,0.6707317073170732,0.7035321028693287,0.7003461119751203,0.3976190476190476,0.3902439024390244,0.7431547619047619,0.7317073170731707,0.36,0.6114006696428572,0.5121212121212121,[0.14],96.12,1024.0,False,0.5,11198.0,16.0,132.0,False,1.0,0.0,0.3735093314790986,"{'v4': {'micro': 0.5957317073170731, 'macro': 0.6114006696428572}, 'v3_legacy': {'micro': 0.6048780487804878, 'macro': 0.6190625}, 'equal': {'micro': 0.597560975609756, 'macro': 0.6109499007936507}, 'mrr_only': {'micro': 0.6707317073170732, 'macro': 0.6920758928571429}}",267.0,[0.14],COMPLETE
268,0.5841431051587301,2026-07-22 21:29:04.093628,2026-07-22 21:30:16.753480,0 days 00:01:12.659852,800,arctic-l,0.0,0.5264004503114901,4,True,0.7853298611111111,0.7713414634146342,0.8479166666666667,0.8475609756097561,0.6987227182539683,0.6747967479674797,0.7480585774253112,0.7340542598113714,0.2745597718253968,0.26422764227642276,0.7831845238095239,0.7682926829268293,0.5,0.5841431051587301,0.5494949494949495,[0.0],72.46,1024.0,True,0.5,11198.0,16.0,132.0,False,1.0,0.0,0.33634410170115553,"{'v4': {'micro': 0.5656504065040651, 'macro': 0.5841431051587301}, 'v3_legacy': {'micro': 0.5796747967479674, 'macro': 0.5968123759920635}, 'equal': {'micro': 0.5691056910569106, 'macro': 0.5854890046296296}, 'mrr_only': {'micro': 0.6747967479674797, 'macro': 0.6987227182539683}}",268.0,[0.0],COMPLETE
269,0.5576636904761905,2026-07-22 21:30:16.767826,2026-07-22 21:30:41.981117,0 days 00:00:25.213291,800,arctic-l,0.0,0.5712967367465739,1,True,0.6395089285714286,0.6097560975609756,0.5874255952380952,0.5914634146341463,0.5576636904761905,0.524390243902439,0.5576636904761905,0.524390243902439,0.5576636904761905,0.524390243902439,0.5576636904761905,0.524390243902439,0.74,0.5576636904761905,0.6060606060606061,[-0.24],25.01,1024.0,True,0.5,11198.0,16.0,132.0,False,1.0,0.0,0.4994047616937383,"{'v4': {'micro': 0.524390243902439, 'macro': 0.5576636904761905}, 'v3_legacy': {'micro': 0.524390243902439, 'macro': 0.5576636904761905}, 'equal': {'micro': 0.524390243902439, 'macro': 0.5576636904761905}, 'mrr_only': {'micro': 0.524390243902439, 'macro': 0.5576636904761905}}",269.0,[-0.24],COMPLETE
270,0.5828776041666667,2026-07-22 21:30:41.995231,2026-07-22 21:31:17.913957,0 days 00:00:35.918726,800,arctic-l,0.0,0.5588831911496525,2,True,0.7158110119047619,0.6890243902439024,0.7223214285714286,0.7317073170731707,0.6261532738095238,0.6036585365853658,0.6605312333054357,0.636610814590597,0.45390625,0.42073170731707316,0.6821428571428572,0.6707317073170732,0.68,0.5828776041666667,0.6109848484848486,[-0.18000000000000005],35.73,1024.0,True,0.5,11198.0,16.0,132.0,False,1.0,0.0,0.4087900787992386,"{'v4': {'micro': 0.5588414634146341, 'macro': 0.5828776041666667}, 'v3_legacy': {'micro': 0.5689024390243902, 'macro': 0.5912760416666667}, 'equal': {'micro': 0.565040650406504, 'macro': 0.5874007936507936}, 'mrr_only': {'micro': 0.6036585365853658, 'macro': 0.6261532738095238}}",270.0,[-0.18000000000000005],COMPLETE
271,,2026-07-22 21:31:17.928991,2026-07-22 21:31:28.706453,0 days 00:00:10.777462,1024,arctic-l,0.0,0.5305891352886031,2,True,,,,,,,,,,,,,,,,[0.5],,,,,,,,,,,,,,[0.5],PRUNED
272,0.48139880952380953,2026-07-22 21:31:28.714797,2026-07-22 21:31:43.623423,0 days 00:00:14.908626,800,arctic-l,0.0,0.5919837264931723,1,True,0.5632440476190476,0.5853658536585366,0.5424107142857143,0.573170731707317,0.48139880952380953,0.5,0.48139880952380953,0.5,0.48139880952380953,0.5,0.48139880952380953,0.5,0.84,0.48139880952380953,0.6287878787878788,[-0.33999999999999997],14.73,1024.0,True,0.5,11198.0,16.0,132.0,False,1.0,0.0,0.5,"{'v4': {'micro': 0.5, 'macro': 0.48139880952380953}, 'v3_legacy': {'micro': 0.5, 'macro': 0.48139880952380953}, 'equal': {'micro': 0.5, 'macro': 0.48139880952380953}, 'mrr_only': {'micro': 0.5, 'macro': 0.48139880952380953}}",272.0,[-0.33999999999999997],COMPLETE
273,,2026-07-22 21:31:43.637704,2026-07-22 21:31:51.744846,0 days 00:00:08.107142,800,arctic-l,0.25,0.5149789230237442,10,True,,,,,,,,,,,,,,,,[0.5],,,,,,,,,,,,,,[0.5],PRUNED
274,,2026-07-22 21:31:51.753605,2026-07-22 21:31:51.897712,0 days 00:00:00.144107,800,bge-m3,0.0,0.4966185320553126,2,True,,,,,,,,,,,,,,,,[0.5],,,,,,,,,,,,,,[0.5],PRUNED
275,,2026-07-22 21:31:51.906286,2026-07-22 21:31:52.716912,0 days 00:00:00.810626,512,arctic-l,0.0,0.5539921100660189,1,True,,,,,,,,,,,,,,,,[0.5],,,,,,,,,,,,,,[0.5],PRUNED
276,0.38833333333333336,2026-07-22 21:31:52.725418,2026-07-22 21:32:15.583712,0 days 00:00:22.858294,800,miniLM,0.0,0.5383963749803085,2,True,0.525,0.5666666666666667,0.525,0.5666666666666667,0.375,0.43333333333333335,0.44463946303571866,0.48412396714286104,0.25,0.26666666666666666,0.4,0.4666666666666667,0.0,0.34125000000000005,0.28095238095238095,[0.5],22.68,384.0,False,0.5,11198.0,10.0,21.0,True,1.0,0.0,0.42277522265252127,"{'v4': {'micro': 0.38833333333333336, 'macro': 0.34125000000000005}, 'v3_legacy': {'micro': 0.39333333333333337, 'macro': 0.34500000000000003}, 'equal': {'micro': 0.3888888888888889, 'macro': 0.3416666666666667}, 'mrr_only': {'micro': 0.43333333333333335, 'macro': 0.375}}",276.0,[0.5],PRUNED
277,0.5588374255952381,2026-07-22 21:32:15.593131,2026-07-22 21:32:35.401118,0 days 00:00:19.807987,800,arctic-l,0.0,0.5805486153771084,2,True,0.6694568452380952,0.6585365853658537,0.6577380952380952,0.6829268292682927,0.5980282738095238,0.5853658536585366,0.6283146785063276,0.6135280187282266,0.4472098214285714,0.42073170731707316,0.6383928571428571,0.6341463414634146,0.78,0.5588374255952381,0.6375000000000001,[-0.28],19.63,1024.0,True,0.5,11198.0,16.0,132.0,False,1.0,0.0,0.4269690537653633,"{'v4': {'micro': 0.5432926829268293, 'macro': 0.5588374255952381}, 'v3_legacy': {'micro': 0.5506097560975609, 'macro': 0.5648921130952381}, 'equal': {'micro': 0.5467479674796747, 'macro': 0.5612103174603175}, 'mrr_only': {'micro': 0.5853658536585366, 'macro': 0.5980282738095238}}",277.0,[-0.28],COMPLETE
278,,2026-07-22 21:32:35.415471,2026-07-22 21:33:27.758848,0 days 00:00:52.343377,800,arctic-l,0.4,0.5272371831294437,1,True,,,,,,,,,,,,,,,,[0.5],,,,,,,,,,,,,,[0.5],PRUNED
279,0.05666666666666667,2026-07-22 21:33:27.767844,2026-07-22 21:33:28.679377,0 days 00:00:00.911533,800,e5-base,0.0,0.5612676178753999,2,False,0.15,0.16666666666666666,0.2,0.2,0.05,0.06666666666666667,0.05,0.06666666666666667,0.025,0.03333333333333333,0.05,0.06666666666666667,0.0,0.0425,0.04047619047619048,[0.5],0.7,768.0,False,0.5,11198.0,10.0,21.0,True,0.8500000000000001,0.0,0.21202725191719005,"{'v4': {'micro': 0.05666666666666667, 'macro': 0.0425}, 'v3_legacy': {'micro': 0.056666666666666664, 'macro': 0.042499999999999996}, 'equal': {'micro': 0.05555555555555555, 'macro': 0.041666666666666664}, 'mrr_only': {'micro': 0.06666666666666667, 'macro': 0.05}}",279.0,[0.5],PRUNED
280,0.5941220238095238,2026-07-22 21:33:28.688667,2026-07-22 21:34:21.259756,0 days 00:00:52.571089,800,arctic-l,0.0,0.5421474406192304,1,True,0.6863839285714286,0.6585365853658537,0.6343005952380952,0.6402439024390244,0.5941220238095238,0.5609756097560976,0.5941220238095238,0.5609756097560976,0.5941220238095238,0.5609756097560976,0.5941220238095238,0.5609756097560976,0.58,0.5941220238095238,0.5681818181818182,[-0.07999999999999996],52.39,1024.0,True,0.5,11198.0,16.0,132.0,False,1.0,0.0,0.4962680475457513,"{'v4': {'micro': 0.5609756097560976, 'macro': 0.5941220238095238}, 'v3_legacy': {'micro': 0.5609756097560976, 'macro': 0.5941220238095238}, 'equal': {'micro': 0.5609756097560976, 'macro': 0.5941220238095238}, 'mrr_only': {'micro': 0.5609756097560976, 'macro': 0.5941220238095238}}",280.0,[-0.07999999999999996],COMPLETE
281,0.610991443452381,2026-07-22 21:34:21.273649,2026-07-22 21:35:45.674864,0 days 00:01:24.401215,800,arctic-l,0.0,0.5150181482088928,2,True,0.77421875,0.7621951219512195,0.7677083333333333,0.7926829268292683,0.6913318452380952,0.6707317073170732,0.7029828911930956,0.7003461119751203,0.3976190476190476,0.3902439024390244,0.7431547619047619,0.7317073170731707,0.4,0.610991443452381,0.5272727272727272,[0.09999999999999998],84.22,1024.0,False,0.5,11198.0,16.0,132.0,False,1.0,0.0,0.3735093314790986,"{'v4': {'micro': 0.5957317073170731, 'macro': 0.610991443452381}, 'v3_legacy': {'micro': 0.6048780487804878, 'macro': 0.6187648809523809}, 'equal': {'micro': 0.597560975609756, 'macro': 0.6107018849206349}, 'mrr_only': {'micro': 0.6707317073170732, 'macro': 0.6913318452380952}}",281.0,[0.09999999999999998],COMPLETE
282,0.5576636904761905,2026-07-22 21:35:45.689248,2026-07-22 21:36:16.023789,0 days 00:00:30.334541,800,arctic-l,0.0,0.5650015834625864,1,True,0.6395089285714286,0.6097560975609756,0.5874255952380952,0.5914634146341463,0.5576636904761905,0.524390243902439,0.5576636904761905,0.524390243902439,0.5576636904761905,0.524390243902439,0.5576636904761905,0.524390243902439,0.7,0.5576636904761905,0.5909090909090909,[-0.19999999999999996],30.15,1024.0,True,0.5,11198.0,16.0,132.0,False,1.0,0.0,0.4994047616937383,"{'v4': {'micro': 0.524390243902439, 'macro': 0.5576636904761905}, 'v3_legacy': {'micro': 0.524390243902439, 'macro': 0.5576636904761905}, 'equal': {'micro': 0.524390243902439, 'macro': 0.5576636904761905}, 'mrr_only': {'micro': 0.524390243902439, 'macro': 0.5576636904761905}}",282.0,[-0.19999999999999996],COMPLETE
283,0.6402213541666667,2026-07-22 21:36:16.038702,2026-07-22 21:39:07.301894,0 days 00:02:51.263192,800,arctic-l,0.0,0.32764934839971005,2,True,0.7971354166666667,0.7804878048780488,0.7854166666666667,0.8048780487804879,0.7210193452380952,0.7012195121951219,0.7471944252168,0.7478191517399297,0.4213541666666667,0.4146341463414634,0.7816964285714286,0.7682926829268293,0.0,0.6402213541666667,0.3946969696969697,[0.5],171.09,1024.0,False,0.5,11198.0,16.0,132.0,False,1.0,0.0,0.3583816499897496,"{'v4': {'micro': 0.6253048780487805, 'macro': 0.6402213541666667}, 'v3_legacy': {'micro': 0.6353658536585366, 'macro': 0.6493229166666666}, 'equal': {'micro': 0.6280487804878048, 'macro': 0.6413566468253967}, 'mrr_only': {'micro': 0.7012195121951219, 'macro': 0.7210193452380952}}",283.0,[0.5],COMPLETE
284,0.5976171875,2026-07-22 21:39:07.316463,2026-07-22 21:39:52.329587,0 days 00:00:45.013124,800,arctic-l,0.0,0.5498995438198742,2,True,0.740811011904762,0.7195121951219512,0.7535714285714286,0.7682926829268293,0.6563616071428572,0.6341463414634146,0.6747700730392894,0.6716718719065526,0.42942708333333335,0.42073170731707316,0.7186011904761904,0.7073170731707317,0.58,0.5976171875,0.5875,[-0.07999999999999996],44.84,1024.0,True,0.5,11198.0,16.0,132.0,False,1.0,0.0,0.3914591406194764,"{'v4': {'micro': 0.5810975609756098, 'macro': 0.5976171875}, 'v3_legacy': {'micro': 0.5920731707317073, 'macro': 0.606953125}, 'equal': {'micro': 0.5873983739837398, 'macro': 0.6014632936507937}, 'mrr_only': {'micro': 0.6341463414634146, 'macro': 0.6563616071428572}}",284.0,[-0.07999999999999996],COMPLETE
285,0.6152511160714286,2026-07-22 21:39:52.343801,2026-07-22 21:41:45.010020,0 days 00:01:52.666219,800,arctic-l,0.0,0.4862139343171421,2,True,0.7908854166666667,0.774390243902439,0.7854166666666667,0.8048780487804879,0.6954241071428572,0.6707317073170732,0.7077570788977089,0.7003461119751203,0.4009672619047619,0.3902439024390244,0.7498511904761904,0.7317073170731707,0.36,0.6152511160714286,0.5121212121212121,[0.14],112.47,1024.0,False,0.5,11198.0,16.0,132.0,False,1.0,0.0,0.3735093314790986,"{'v4': {'micro': 0.5957317073170731, 'macro': 0.6152511160714286}, 'v3_legacy': {'micro': 0.6048780487804878, 'macro': 0.6234151785714286}, 'equal': {'micro': 0.597560975609756, 'macro': 0.6154141865079364}, 'mrr_only': {'micro': 0.6707317073170732, 'macro': 0.6954241071428572}}",285.0,[0.14],COMPLETE
286,0.5019512648809524,2026-07-22 21:41:45.024857,2026-07-22 21:45:05.316043,0 days 00:03:20.291186,800,e5-small,0.15,0.5769304105624987,2,True,0.6907366071428571,0.6646341463414634,0.6529761904761905,0.6646341463414634,0.5730282738095238,0.5609756097560976,0.5804369794221531,0.5966151796156102,0.32061011904761905,0.3231707317073171,0.6040178571428572,0.5975609756097561,0.0,0.5019512648809524,0.3109848484848485,[0.5],200.12,384.0,False,0.5,11402.0,16.0,132.0,False,1.0,0.0,0.4140710846903954,"{'v4': {'micro': 0.4951219512195122, 'macro': 0.5019512648809524}, 'v3_legacy': {'micro': 0.500609756097561, 'macro': 0.5065997023809524}, 'equal': {'micro': 0.49390243902439024, 'macro': 0.49921875}, 'mrr_only': {'micro': 0.5609756097560976, 'macro': 0.5730282738095238}}",286.0,[0.5],COMPLETE
287,0.4157347470238095,2026-07-22 21:45:05.330162,2026-07-22 21:45:18.225145,0 days 00:00:12.894983,800,arctic-l,0.0,0.6046838607538046,2,True,0.5082217261904762,0.524390243902439,0.5131696428571428,0.5365853658536586,0.43843005952380953,0.45121951219512196,0.4598127433594268,0.4700183118913638,0.34988839285714285,0.3475609756097561,0.4642113095238095,0.47560975609756095,0.88,0.4157347470238095,0.5988636363636364,[-0.38],12.72,1024.0,True,0.5,11198.0,16.0,132.0,False,1.0,0.0,0.45369254724334224,"{'v4': {'micro': 0.42378048780487804, 'macro': 0.4157347470238095}, 'v3_legacy': {'micro': 0.4274390243902439, 'macro': 0.4196019345238095}, 'equal': {'micro': 0.4247967479674796, 'macro': 0.4175099206349206}, 'mrr_only': {'micro': 0.45121951219512196, 'macro': 0.43843005952380953}}",287.0,[-0.38],COMPLETE
288,0.5916052827380953,2026-07-22 21:45:18.239102,2026-07-22 21:46:25.261930,0 days 00:01:07.022828,800,arctic-l,0.0,0.5304702381609587,2,True,0.7591145833333334,0.7439024390243902,0.7604166666666666,0.7804878048780488,0.6620907738095239,0.6402439024390244,0.6798173139061048,0.6761727285703154,0.39732142857142855,0.3902439024390244,0.7217261904761905,0.7073170731707317,0.52,0.5916052827380953,0.5606060606060606,[-0.020000000000000018],66.85,1024.0,True,0.5,11198.0,16.0,132.0,False,1.0,0.0,0.38444396619915416,"{'v4': {'micro': 0.5753048780487805, 'macro': 0.5916052827380953}, 'v3_legacy': {'micro': 0.5853658536585366, 'macro': 0.6005505952380953}, 'equal': {'micro': 0.5792682926829268, 'macro': 0.5937127976190476}, 'mrr_only': {'micro': 0.6402439024390244, 'macro': 0.6620907738095239}}",288.0,[-0.020000000000000018],COMPLETE
289,0.5965755208333334,2026-07-22 21:46:25.276349,2026-07-22 21:47:07.594583,0 days 00:00:42.318234,800,arctic-l,0.0,0.5520887258364168,2,True,0.7303943452380952,0.7073170731707317,0.7431547619047619,0.7560975609756098,0.6459449404761904,0.6219512195121951,0.6819595218917456,0.6565002018292733,0.45026041666666666,0.4146341463414634,0.7081845238095238,0.6951219512195121,0.6,0.5965755208333334,0.5886363636363636,[-0.09999999999999998],42.14,1024.0,True,0.5,11198.0,16.0,132.0,False,1.0,0.0,0.39543517395336003,"{'v4': {'micro': 0.5707317073170732, 'macro': 0.5965755208333334}, 'v3_legacy': {'micro': 0.5817073170731708, 'macro': 0.6059114583333334}, 'equal': {'micro': 0.5772357723577235, 'macro': 0.6014632936507937}, 'mrr_only': {'micro': 0.6219512195121951, 'macro': 0.6459449404761904}}",289.0,[-0.09999999999999998],COMPLETE
290,0.5981380208333333,2026-07-22 21:47:07.609257,2026-07-22 21:47:49.969660,0 days 00:00:42.360403,800,arctic-l,0.0,0.5528711474620898,2,True,0.7303943452380952,0.7073170731707317,0.7431547619047619,0.7560975609756098,0.6459449404761904,0.6219512195121951,0.6819595218917456,0.6565002018292733,0.45546875,0.42073170731707316,0.7081845238095238,0.6951219512195121,0.6,0.5981380208333333,0.5897727272727272,[-0.09999999999999998],42.18,1024.0,True,0.5,11198.0,16.0,132.0,False,1.0,0.0,0.3970664101719674,"{'v4': {'micro': 0.5725609756097562, 'macro': 0.5981380208333333}, 'v3_legacy': {'micro': 0.5835365853658536, 'macro': 0.6074739583333333}, 'equal': {'micro': 0.5792682926829268, 'macro': 0.6031994047619047}, 'mrr_only': {'micro': 0.6219512195121951, 'macro': 0.6459449404761904}}",290.0,[-0.09999999999999998],COMPLETE
291,0.6015755208333333,2026-07-22 21:47:49.983881,2026-07-22 21:48:29.024648,0 days 00:00:39.040767,800,arctic-l,0.0,0.555717016369343,2,True,0.7366443452380952,0.7134146341463414,0.7431547619047619,0.7560975609756098,0.6521949404761904,0.6280487804878049,0.6865728999721024,0.661001058493036,0.45546875,0.42073170731707316,0.7081845238095238,0.6951219512195121,0.62,0.6015755208333333,0.5988636363636364,[-0.12],38.86,1024.0,True,0.5,11198.0,16.0,132.0,False,1.0,0.0,0.39823247289588104,"{'v4': {'micro': 0.5759146341463415, 'macro': 0.6015755208333333}, 'v3_legacy': {'micro': 0.5859756097560975, 'macro': 0.6099739583333333}, 'equal': {'micro': 0.5813008130081301, 'macro': 0.605282738095238}, 'mrr_only': {'micro': 0.6280487804878049, 'macro': 0.6521949404761904}}",291.0,[-0.12],COMPLETE
292,0.4983761160714286,2026-07-22 21:48:29.039253,2026-07-22 21:49:22.906303,0 days 00:00:53.867050,256,arctic-l,0.0,0.5060349928261559,2,True,0.7608630952380953,0.7560975609756098,0.7629464285714286,0.7865853658536586,0.5547991071428572,0.5609756097560976,0.5888942715149466,0.6276091012630716,0.34471726190476193,0.3597560975609756,0.5988095238095238,0.6097560975609756,0.36,0.4983761160714286,0.4564393939393939,[0.14],53.69,1024.0,False,0.5,28876.0,16.0,132.0,False,1.0,0.0,0.4180726328682148,"{'v4': {'micro': 0.5079268292682928, 'macro': 0.4983761160714286}, 'v3_legacy': {'micro': 0.5152439024390244, 'macro': 0.5049776785714286}, 'equal': {'micro': 0.5101626016260162, 'macro': 0.49944196428571425}, 'mrr_only': {'micro': 0.5609756097560976, 'macro': 0.5547991071428572}}",292.0,[0.14],COMPLETE
293,0.5315680803571429,2026-07-22 21:49:22.920941,2026-07-22 21:49:38.515640,0 days 00:00:15.594699,800,arctic-l,0.0,0.5895063015518919,2,True,0.6400669642857143,0.6158536585365854,0.6127232142857143,0.6219512195121951,0.5686383928571429,0.5426829268292683,0.5921055395554333,0.5628615703397231,0.4379092261904762,0.39634146341463417,0.5829613095238095,0.5609756097560976,0.84,0.5315680803571429,0.6314393939393939,[-0.33999999999999997],15.42,1024.0,True,0.5,11198.0,16.0,132.0,False,1.0,0.0,0.4513757351510655,"{'v4': {'micro': 0.5015243902439024, 'macro': 0.5315680803571429}, 'v3_legacy': {'micro': 0.5042682926829268, 'macro': 0.5337165178571429}, 'equal': {'micro': 0.5, 'macro': 0.5298363095238094}, 'mrr_only': {'micro': 0.5426829268292683, 'macro': 0.5686383928571429}}",293.0,[-0.33999999999999997],COMPLETE
294,0.5826209077380953,2026-07-22 21:49:38.529883,2026-07-22 21:50:43.237457,0 days 00:01:04.707574,800,arctic-l,0.0,0.5324954539352443,2,True,0.7513020833333334,0.7378048780487805,0.7447916666666666,0.7682926829268293,0.6542782738095239,0.6341463414634146,0.6699590365065508,0.6684784632828585,0.38950892857142855,0.38414634146341464,0.7061011904761905,0.6951219512195121,0.52,0.5826209077380953,0.5556818181818182,[-0.020000000000000018],64.53,1024.0,True,0.5,11198.0,16.0,132.0,False,1.0,0.0,0.389595020746368,"{'v4': {'micro': 0.5682926829268293, 'macro': 0.5826209077380953}, 'v3_legacy': {'micro': 0.577439024390244, 'macro': 0.5903943452380952}, 'equal': {'micro': 0.5711382113821137, 'macro': 0.5832961309523809}, 'mrr_only': {'micro': 0.6341463414634146, 'macro': 0.6542782738095239}}",294.0,[-0.020000000000000018],COMPLETE
295,,2026-07-22 21:50:43.251734,2026-07-22 21:50:51.074327,0 days 00:00:07.822593,800,e5-large,0.0,0.57345169809953,2,True,,,,,,,,,,,,,,,,[0.5],,,,,,,,,,,,,,[0.5],PRUNED
296,,2026-07-22 21:50:51.082492,2026-07-22 21:51:11.056981,0 days 00:00:19.974489,1024,arctic-l,0.3,0.5486805762852042,2,True,,,,,,,,,,,,,,,,[0.5],,,,,,,,,,,,,,[0.5],PRUNED
297,0.610991443452381,2026-07-22 21:51:11.065741,2026-07-22 21:52:29.462243,0 days 00:01:18.396502,800,arctic-l,0.0,0.5210883561786464,2,True,0.7768229166666667,0.7621951219512195,0.7833333333333333,0.8048780487804879,0.6913318452380952,0.6707317073170732,0.7029828911930956,0.7003461119751203,0.3976190476190476,0.3902439024390244,0.7431547619047619,0.7317073170731707,0.48,0.610991443452381,0.5575757575757575,[0.020000000000000018],78.22,1024.0,False,0.5,11198.0,16.0,132.0,False,1.0,0.0,0.3735093314790986,"{'v4': {'micro': 0.5957317073170731, 'macro': 0.610991443452381}, 'v3_legacy': {'micro': 0.6048780487804878, 'macro': 0.6187648809523809}, 'equal': {'micro': 0.597560975609756, 'macro': 0.6107018849206349}, 'mrr_only': {'micro': 0.6707317073170732, 'macro': 0.6913318452380952}}",297.0,[0.020000000000000018],COMPLETE
298,0.5647005208333333,2026-07-22 21:52:29.476772,2026-07-22 21:53:02.106228,0 days 00:00:32.629456,800,arctic-l,0.0,0.5626079186470581,2,True,0.6824776785714286,0.6585365853658537,0.6837797619047619,0.6951219512195121,0.6084449404761905,0.5853658536585366,0.6414590483723996,0.6167214273519206,0.43723958333333335,0.4024390243902439,0.6592261904761905,0.6463414634146342,0.7,0.5647005208333333,0.6060606060606061,[-0.19999999999999996],32.45,1024.0,True,0.5,11198.0,16.0,132.0,False,1.0,0.0,0.41470587614847726,"{'v4': {'micro': 0.5396341463414634, 'macro': 0.5647005208333333}, 'v3_legacy': {'micro': 0.5487804878048781, 'macro': 0.5723177083333334}, 'equal': {'micro': 0.5447154471544715, 'macro': 0.5683035714285714}, 'mrr_only': {'micro': 0.5853658536585366, 'macro': 0.6084449404761905}}",298.0,[-0.19999999999999996],COMPLETE
299,0.5666424851190477,2026-07-22 21:53:02.121208,2026-07-22 21:54:00.460076,0 days 00:00:58.338868,800,arctic-l,0.0,0.5387534656444283,2,True,0.73046875,0.7134146341463414,0.7239583333333334,0.7439024390243902,0.6334449404761905,0.6097560975609756,0.6491257031732174,0.6440882193804196,0.38485863095238093,0.3780487804878049,0.6852678571428571,0.6707317073170732,0.58,0.5666424851190477,0.5666666666666667,[-0.07999999999999996],58.15,1024.0,True,0.5,11198.0,16.0,132.0,False,1.0,0.0,0.3983383093368078,"{'v4': {'micro': 0.5493902439024391, 'macro': 0.5666424851190477}, 'v3_legacy': {'micro': 0.5585365853658536, 'macro': 0.5744159226190476}, 'equal': {'micro': 0.5528455284552845, 'macro': 0.5678571428571428}, 'mrr_only': {'micro': 0.6097560975609756, 'macro': 0.6334449404761905}}",299.0,[-0.07999999999999996],COMPLETE
